pack_name,brand_0,brand_1,piece_count_0,piece_count_1,diff_0,diff_1,num_puzzles
Anne Belle Thompson The Mikado Anne Belle Thompson Two Kimonos,Other-Hand-cut,,387,242,Average,Average,2
Anthology Puzzles Alphonse Mucha La Plume Anthology Puzzles Fun at the Fair,,,320,160,Average,Average,2
Anthology Puzzles Colorful Cat Anthology Puzzles Life On The Reef,,,150,170,Average,Average,2
Anthology Puzzles Framed American Gothic Anthology Puzzles Haeckel Floral,,,320,300,Average,Average,2
Anthology Puzzles Over The Moon Anthology Puzzles Happy House Plants,,,278,177,Hard,A-Easy,2
Anthology Puzzles Wassily Kandinsky Houses At Murnau Anthology Puzzles Kite Flite,,,320,150,Hard,A-Easy,2
Artifact Puzzles Abraham Storck Arctic Artifact Puzzles Klimt Hope,Artifact,,76,137,A-Easy,A-Easy,2
Artifact Puzzles After the Tiger Hunt Artifact Puzzles Monet Chrysanthemums,Artifact,,373,262,Average,Average,2
Artifact Puzzles Amedeo Simonetti Artifact Puzzles Renoir Pears,Artifact,,269,166,Hard,A-Easy,2
Artifact Puzzles Bee Eater Artifact Puzzles Kevin Sloan Welcome to the Wilderness,Artifact,,439, 418,Hard,A-Easy,2
Artifact Puzzles Bek Cruddace Europe Map ,Artifact,,900,,Average,Average,1
Artifact Puzzles Breach Of Contract Artifact Puzzles Claire Henley Sailing Round The Mount,Artifact,,268,256,Average,Average,2
Artifact Puzzles Captive Unicorn Artifact Puzzles David Teniers Temptation of St. Anthony,Artifact,,159,210,Hard,Hard,2
Artifact Puzzles Christopher Wood Anemones Artifact Puzzles Paul Bond Interpretation Of Home,Artifact,,154,169,Average,Average,2
Artifact Puzzles Daniel Merriam Man In The Moon Artifact Puzzles Daniel Merriam  Tailspin,Artifact,,357,303,Average,Hard,2
Artifact Puzzles Eric Joyner Tiger Mountain Artifact Puzzles APAK Fruit of Dreams,Artifact,,189,175,A-Easy,A-Easy,2
Artifact Puzzles Erin Hanson Crystal Grove Artifact Puzzles Angie Rees Precious Cargo,Artifact,,357,399,Really-Hard,Average,2
Artifact Puzzles Erin Hanson Dawning Saguaro Artifact Puzzles Jethro Buck Fishies,Artifact,,418,355,Hard,Really-Hard,2
Artifact Puzzles Erin Hanson Dawning Saguaro Artifact Puzzles Kristian Adam Snoozies,Artifact,,418,413,Average,Average,2
Artifact Puzzles Florine Stettheimer Asbury Park South Artifact Puzzles Kandinsky Squares with Concentric Circles,Artifact,,100,191,Average,Average,2
Artifact Puzzles Fred Lisaius Every Little Thing Artifact Puzzles Liv Wan Italy Map,Artifact,,352, 385,Average,Average,2
Artifact Puzzles Gustav Klimt Baby Artifact Puzzles Karla Gerard By The Sea,Artifact,,295,356,Average,A-Easy,2
Artifact Puzzles Henri Charles Manguin Les Renoncules Artifact Puzzles Sakakibara Shiho Early Spring,Artifact,,173,109,A-Easy,A-Easy,2
Artifact Puzzles Hopwood-Wade Emu Afternoon Tea Artifact Puzzles Justin Hillgrove Word Travels South,Artifact,,346,456,A-Easy,A-Easy,2
Artifact Puzzles Jethro Buck Fishies Artifact Puzzles Jim Flora Tampico,Artifact,,355,296,Really-Hard,A-Easy,2
Artifact Puzzles Joan de Burgunya Virgin and Child Artifact Puzzles Bruegel Tower of Babel,Artifact,,391,377,Average,Average,2
Artifact Puzzles Kandinsky Squares With Concentric Circles Artifact Puzzles Kandinsky Tensions Eased,Artifact,,191,126,Average,Average,2
Artifact Puzzles Kathryn Freeman Forest Nocturne Artifact Puzzles Hofmeister Flotilla Before Algiers,Artifact,,310,440,Average,Average,2
Artifact Puzzles Kathryn Freeman The Sunday Paper Artifact Puzzles Sandi Rigby Tree of Wisdom Wooden,Artifact,,177,68,A-Easy,Average,2
Artifact Puzzles Kessel Bugs Double-sided  Artifact Puzzles Fernand Pelez Saltimbanques,Artifact,,119,169,Average,Average,2
Artifact Puzzles Kristian Adams Snoozies Artifact Puzzles Jonathas Araujo Toucans,Artifact,,413, 386,Average,Average,2
Artifact Puzzles Liv Wan Australia Map Artifact Puzzles Iwona Lifsches Riders On The Storm,Artifact,,418,523,A-Easy,A-Easy,2
Artifact Puzzles Louis Wain Cattown Races Artifact Puzzles Gerhard Munthe The Princess And The Knight,Artifact,,75,80,A-Easy,A-Easy,2
Artifact Puzzles Marie Amalia Pride Of Peacocks Artifact Puzzles DALL-E Animals In Motion,Artifact,,224,225,Average,Average,2
Artifact Puzzles Monet Chrysanthemums Artifact Puzzles Nadieh Bremer Color Dream,Artifact,,262,403,Hard,Average,2
Artifact Puzzles Nadiezda Night Ship Artifact Puzzles Kevin Sloan Consequences of Hypnosis,Artifact,,283,282,A-Easy,A-Easy,2
Artifact Puzzles Paul Bond The Giver Artifact Puzzles Miskin Dilaram Harp,Artifact,,461,468,Hard,Hard,2
Artifact Puzzles Piero Di Cosimo Liberazione Di Andromeda Artifact Puzzles Joe Vaux Season Of The Rabbit,Artifact,,411,300,Hard,A-Easy,2
Artifact Puzzles Randal Spangler Technology Meltdown Artifact Puzzles Little Seamaid,Artifact,,167,74,A-Easy,A-Easy,2
Artifact Puzzles Richard Friend Live Work Hope Artifact Puzzles Kristian Adam Mr. Pinks Place,Artifact,,177,203,A-Easy,A-Easy,2
Artifact Puzzles Roch Urbaniak Atlantyda Artifact Puzzles Edvard Munch Dance On The Beach,Artifact,,299,300,Average,A-Easy,2
Artifact Puzzles Roch Urbaniak Floating Town Artifact Puzzles Kozyndan Forest Dream ,Artifact,,228,216,A-Easy,A-Easy,2
Artifact Puzzles Sandi Rigby Botanical Dreaming ,Artifact,,1273,,Hard,Average,1
Artifact Puzzles Tomasz Pietrzyk The Town Artifact Puzzles Qiu Ying Han Palace,Artifact,,390,423,A-Easy,Hard,2
Artifact Puzzles Tomasz Pietrzyk Whole City Aquatic Moving Company Artifact Puzzles Iwona Lifsches Jazzy Night,Artifact,,518,405,Average,Hard,2
Artifact Puzzles Tomasz Pietrzyk Whole City Aquatic Moving Company Artifact Puzzles Kahlil Rintye Cosmic Dragon,Artifact,,518,504,Average,Hard,2
Artifact Puzzles Tyukanov Purgatory Artifact Puzzles Rylov Sunset,Artifact,,659,80,Hard,Hard,2
Artifact Puzzles Van Gogh Bedroom In Arles Artifact Puzzles Bruegel Triumph of Death,Artifact,,347,361,Average,Average,2
Artifact Puzzles Van Gogh Pont De Trinquetaille Artifact Puzzles Vermeer Art Of Painting,Artifact,,327,323,Average,Average,2
Artifact Puzzles Vikram Madan North Star Artifact Puzzles Barnard Dragon Mountain,Artifact,,480,277,Average,Average,2
Artifact Puzzles Vikram Madan Robot Creation Myth Artifact Puzzles Vikram Madan Physical Impossibility,Artifact,,382,292,Average,A-Easy,2
Artifact Puzzles Vikram Madan Stop And Smell The Daisies Ecru Puzzles Ryoko Meditating Skeleton,Artifact,Ecru,171,81,Average,Average,2
BCB Puzzles Miko The Jazz Frog Choir Artifact Puzzles Iwona Lifsches Poohsticks,Artifact,Other-Hand-cut,276,261,A-Easy,A-Easy,2
BCB Puzzles Teapot and Teacups Snowflake Puzzles Koganeibashi no sekishō,Other-Hand-cut,,120,511,Average,A-Easy,2
BellArt Ice Cream Sundae Turtle Teasers Sarah Pickett Red River,,,58,169,Average,Average,2
Bewilderness Puzzles Rainbow Eucalyptus Bewilderness Puzzles Gaj Vakra,Other-Laser-cut,,173,173,Average,Average,2
Boardwalk Puzzles Alexey Erofalov Amsterdam Boardwalk Puzzles Alexey Erofalov Australia,Other-Laser-cut,,311,318,Average,Average,2
Boardwalk Puzzles Alexey Erofalov California Boardwalk Puzzles Lake Como Italy,Other-Laser-cut,,327,325,A-Easy,A-Easy,2
Boardwalk Puzzles Tim Zeltner Journey East Boardwalk Puzzles Herb Schwartz New Animal Butterfly,Other-Laser-cut,,330,460,Average,Average,2
Chestnut And Hemlock Puzzles Mary Halym Two Apples On A Branch 3 Cat Max Puzzles,,,107,30,Average,Average,2
Chestnut and Hemlock Helen Hyde Feeding The Bunnies Chestnut and Hemlock Joris Hoefnagel Heart,,,175,175,Average,Average,2
Chris Yates Remote Archipelago BCB Puzzles The Hat Shop,Other-Hand-cut,,61,150,Average,A-Easy,2
Culmo.Co Happy Panda Culmo.Co Terrible T-Rex,Other-Laser-cut,,671,205,Average,Average,2
Culmo.Co Puzzles Rainbow Dragon Lol Puzzles Mysterious Owl,Other-Laser-cut,,317,151,Average,Average,2
DaVici Good Morning DaVici The Life of Birds,DaVici,,170,145,A-Easy,A-Easy,2
DaVici In the Pantry DaVici Yana Fefelova Christmas Angel,DaVici,,130,250,A-Easy,Average,2
DaVici Puzzles Akhmatova Return DaVici Puzzles Fairy Tea Party,DaVici,,160,350,A-Easy,A-Easy,2
DaVici Puzzles Awakening DaVici Puzzles ,DaVici,,450,280,Average,Average,2
DaVici Puzzles Bathing Of The Colorful Dragon DaVici Puzzles Behind The Scenes (Aka Offstage),DaVici,,125,190,Average,Average,2
DaVici Puzzles Cow Ruga Puzzles Egyptian Cat,DaVici,,121,200,Average,Average,2
DaVici Puzzles Delicious Snow DaVici Puzzles Doll House,DaVici,,150,240,A-Easy,A-Easy,2
DaVici Puzzles Full Moon Feast DaVici Puzzles World&#39;s Greatest Miracle,DaVici,,195,220,Hard,Hard,2
DaVici Puzzles Great Art of Light and Shadow DaVici Dreamlike Prince,DaVici,,160,180,Average,A-Easy,2
DaVici Puzzles Heavenly Postman DaVici Puzzles A.P. Chehov,DaVici,,230,200,Average,Average,2
DaVici Puzzles Ivan Tsarevich and The Grey Wolf DaVici Puzzles Masha Molodykh Offstage,DaVici,,180,190,Average,Average,2
DaVici Puzzles Jugglers DaVici Puzzles Pushkins Fairy Tales,DaVici,,210,300,Average,Average,2
DaVici Puzzles Meal Time DaVici Puzzles Attraction,DaVici,,400,240,A-Easy,Average,2
DaVici Puzzles Red Shrimp DaVici Puzzles Inhabited Fish,DaVici,,165,130,A-Easy,A-Easy,2
DaVici Puzzles Sergey Adeev Flying Frigate DaVici Puzzles The Life Of Birds,DaVici,,130,145,Average,Average,2
DaVici Puzzles Stephen Hawking DaVici Puzzles A Flower in the Soul,DaVici,,250,220,Average,Average,2
DaVici Puzzles Under the Red Umbrella ,DaVici,,600,,Hard,Average,1
DaVici Puzzles Vladimir Zhdanov Lilac House DaVici Puzzles Sergey Adeev Day and Night,DaVici,,160,280,A-Easy,A-Easy,2
DaVici Red Book ,DaVici,,700,,Hard,Average,1
DaVici Tree of Dreams DaVici Bathing of the Colorful Dragon,DaVici,,193,125,A-Easy,A-Easy,2
DaVici Tribute to Rembrandt DaVici Friendship Day,DaVici,,270,180,A-Easy,A-Easy,2
Davici Puzzles Claude Monet Woman in the Garden ,DaVici,,552,,A-Easy,Average,1
Davici Puzzles Dear Lady Winter Davici Puzzles Russian Circus,DaVici,,180,330,A-Easy,A-Easy,2
Davici Puzzles Mirage Davici Puzzles Golden Sun,DaVici,,250,240,A-Easy,A-Easy,2
Davici Puzzles Noahs Ark Davici Puzzles Wisteria Moon,DaVici,,210,250,A-Easy,A-Easy,2
Davici Puzzles Photo Album Ecru Puzzles Sunny November ,DaVici,Ecru,600,369,Average,Average,2
Davici Puzzles Seasons ,DaVici,,500,,Average,Average,1
"Davici Puzzles The Sailor Cat Davici Puzzles Elementary, My Dear Watson!",DaVici,,135,150,A-Easy,A-Easy,2
Davici Puzzles Watchmaker ,DaVici,,400,,Average,Average,1
Davici Puzzles When a Star was Born Davici Puzzles Last Summer Day,DaVici,,130,190,A-Easy,Average,2
Davici Puzzles Zodiac Capricorn Davici Puzzles Zodiac Pisces,DaVici,,100,100,Average,Average,2
Dowdle Nativity Dowdle Oregon State Beavers,Other-Laser-cut,,280,300,Average,Average,2
Dowdle Puzzles New Orleans Dowdle Puzzles Nativity,Other-Laser-cut,,280,280,Hard,A-Easy,2
Ecru Mystery Puzzle #9 Artifact Puzzles Eric Joyner Gangenstein,Artifact,Ecru,223,159,A-Easy,A-Easy,2
Ecru Puzzles Aaron Wolf Siege Of Cranes Ecru Puzzles Aaron Wolf Lost Civilization,Ecru,,437,447,Hard,Hard,2
Ecru Puzzles Aaron Wolf Twilight Treehouse of the Phosphorescent Forest Artifact Puzzles Methane Studios Dragon Moon,Artifact,Ecru,426,258,Hard,Hard,2
Ecru Puzzles Piet Mondrian Oostzijdse Mill Artifact Puzzles Kessel Butterflies,Artifact,Ecru,181,161,A-Easy,A-Easy,2
Ecru Puzzles Ragamala Mughal Miniature Artifact Puzzles Piet Mondrian,Artifact,Ecru,80,153,A-Easy,Average,2
Ecru Puzzles Ton Dubbeldam Grand Italia Artifact Puzzles Michelle Morin Hummingbirds,Artifact,Ecru,270,287,A-Easy,Really-Hard,2
Elms Puzzles The Blue Gate Artifact Puzzles Kozyndan Forest Dream,Artifact,,640,216,Average,Average,2
Fools Gold Baffling Butterflies Joyful Nook Gallery Puzzles Thankful,,,100,153,Average,Average,2
Fox Smart Box Gustav Klimt Kiss Fox Smart Box Butterflies Challenge,,,311,216,Average,Average,2
FoxSmartBox Fairy Forest Summer FoxSmartBox Fairy Forest Winter,,,505,434,Average,Average,2
FoxSmartBox Tree Of Angels FoxSmartBox Visiting The Bear,,,400,400,Average,Average,2
Hellofish Piet Mondrian Hellofish Azulejo Tiles,Other-Laser-cut,,300,300,Really-Hard,Average,2
II Ravens Puzzles Claude Monet Bridge At Argenteuil Zen Puzzles Sea Glass,Other-Laser-cut,,121,125,Average,Average,2
Inside Adventure Helen Dryden The Southern Sun Zen Puzzles Chickadee,Other-Laser-cut,,571,100,Average,Average,2
Inside Adventure Odilon Redon Butterflies Peaceful Puzzles Green Heron ,Other-Laser-cut,,604,260,Average,Average,2
Joyful Nook Gallery Christmas Cheer Joyful Nook Gallery The Christmas Crew,,,236,201,Average,Average,2
Joyful Nook Puzzles Bettina Mills Coming Home ,,,700,,Average,Average,1
Kata Kissoczy Puzzles Hands Shayz Puzzles Double Bouquet,,,80,59,Really-Hard,Average,2
Liberty Puzzle Dr. Seuss Plethora of Cats Liberty Puzzles Linnea Pergola Metropolitain,Liberty,,545,616,Hard,A-Easy,2
Liberty Puzzle Jo Mora Cowboys of North America ,Liberty,,729,,Average,Average,1
Liberty Puzzle Konstatin Gorbatov A Winters Day Ecru Puzzles Kawase Hasui Nocturne,Ecru,Liberty,527, 145,Hard,Average,2
Liberty Puzzles Agra Liberty Puzzles Ditz Patchwork-Birds,Liberty,,608,562,Average,Average,2
Liberty Puzzles Alan Paterson Historical Map of New Zealand ,Liberty,,677,,Hard,Average,1
Liberty Puzzles Alex Beard The Louisiana Tree of Life Liberty Puzzles Canaletto The Thames and the City,Liberty,,555,609,Average,Average,2
Liberty Puzzles Alphonse Mucha Cycles Perfecta Liberty Puzzles Shamsa (Sunburst),Liberty,,400,484,Average,Hard,2
Liberty Puzzles Alphonse Mucha La Danse Liberty Puzzles The Ladies Home Journal All-Story Number,Liberty,,250, 258,Average,Hard,2
Liberty Puzzles Ando Hiroshige Precincts of the Tenjin Shrine at Kameido Liberty Puzzles Ito Jakuchu Peonies and Small Birds,Liberty,,500,471,Average,Hard,2
Liberty Puzzles Atkinson On The River Greta ,Liberty,,609,,Hard,Average,1
Liberty Puzzles Beautiful Fishes Of The Deep ,Liberty,,605,,Average,Average,1
Liberty Puzzles Beetles Ecru Puzzles Nicole Gustafson The Bookkeeper,Ecru,Liberty,246,372,A-Easy,Average,2
Liberty Puzzles Beryl and Graham Peters Holiday Crackers ,Liberty,,603,,A-Easy,Average,1
Liberty Puzzles Birds of the Tropics ,Liberty,,745,,Average,Average,1
"Liberty Puzzles Boris Kustodiyev Winter Carnival Fair, 1919 Liberty Puzzles Ando Hiroshige Atagoshita and Yabu Lane",Liberty,,571,564,Hard,Hard,2
Liberty Puzzles Botticelli Primavera Ecru Puzzles Amedeo Modigliani Red Scarf Wooden Jigsaw Puzzle,Ecru,Liberty,512,100,Average,A-Easy,2
"Liberty Puzzles Brad Gorman Denver Cityscape Liberty Puzzles Herbert Hofer Rome, Italy",Liberty,,469,478,A-Easy,A-Easy,2
Liberty Puzzles Celebration Ecru Puzzles Awa Tsireh Animal Designs,Ecru,Liberty,408,105,Average,A-Easy,2
Liberty Puzzles Claude Monet Poppies Near Vetheuil Liberty Puzzles Claude Monet Landscape: The Parc Monceau,Liberty,,433,507,Average,Average,2
Liberty Puzzles Claude Monet Sunrise ,Liberty,,517,,Hard,Average,1
Liberty Puzzles Claude Monet The Parc Monceau ,Liberty,,507,,Average,Average,1
Liberty Puzzles Colorado United Airlines Ecru Puzzles Jethro Buck Forest,Ecru,Liberty,534,285,Average,Average,2
"Liberty Puzzles Cranes, Cycads and Wisteria Liberty Puzzles Ando Hiroshige Fudo Falls, Oji",Liberty,,486,599,Hard,Average,2
Liberty Puzzles Cupid Garden Party Liberty Puzzles Phil Lewis Magpie,Liberty,,236,155,Average,Average,2
Liberty Puzzles Damian Elwes Matisses Studio Ecru Puzzles Erin Hanson Layers Of Afternoon,Ecru,Liberty,483,287,Hard,Hard,2
Liberty Puzzles David Newton Sunset: Pool of London Liberty Puzzles Damian Elwes Picassos Studio,Liberty,,507,527,Average,Average,2
Liberty Puzzles Ditz Patchwork-Birds Liberty Puzzles A Resounding Success,Liberty,,562,513,A-Easy,Average,2
Liberty Puzzles Donna Schuster In The Garden Liberty Puzzles Centenario,Liberty,,378,477,Average,Hard,2
Liberty Puzzles Dr. Seuss Every Girl Should Have A Unicorn Ecru Puzzles Grant Haffner Sunset on Old Montauk Highway,Ecru,Liberty,539,282,Average,Average,2
Liberty Puzzles Dr. Seuss Green Cat with Lights Ecru Puzzles Mystery Puzzle #14,Ecru,Liberty,584,398,Average,Average,2
Liberty Puzzles Dr. Seuss I Dreamed I Was a Doorman at the Hotel Del Coronado Liberty Puzzles Butterfly Golden Pumpkin,Liberty,,654,309,Hard,A-Easy,2
Liberty Puzzles Dr. Seuss Incidental Music for a New Year&#39;s Eve Party Ecru Puzzles Kristian Adam Pizza Boyz,Ecru,Liberty,616,387,Average,Average,2
Liberty Puzzles Dr. Seuss Joseph Katz and His Coat of Many Colors Liberty Puzzles Harrison Weir The Dogs Dinner Party,Liberty,,418,447,Average,Average,2
Liberty Puzzles Duke Beardsley Close Range ,Liberty,,613,,Average,Average,1
Liberty Puzzles Elena Khmeleva Christmas Tree ,Liberty,,755,,Hard,Average,1
Liberty Puzzles Erin Huybrechts Davis Woodland Wheel Liberty Puzzles Karen Williams-Brusubardis Yanapuma,Liberty,,501,501,Average,Really-Hard,2
Liberty Puzzles Francis Farmar August In Weymouth Liberty Puzzles Alex Beard The Louisiana Tree Of Life,Liberty,,495,555,Average,Average,2
Liberty Puzzles Frank Cowper Vanity Ecru Puzzles Scott Gustafson Belling The Cat,Ecru,Liberty,473,364,Average,Hard,2
Liberty Puzzles Frenchy All On A Mardi Gras Day Liberty Puzzles Daria Hlazatova Leopard,Liberty,,527,491,Hard,Hard,2
Liberty Puzzles Gustav Klimt Pear Tree Ecru Puzzles Rachell Sumpter Brothers In Sport,Ecru,Liberty,469,179,Really-Hard,A-Easy,2
"Liberty Puzzles Gustave Caillebotte Cliffs by the Sea at Trouville Liberty Puzzles Winslow Homer A Good Pool, Saguenay River",Liberty,,523,360,Average,Average,2
Liberty Puzzles Herbert Hofer Rome Italy Liberty Puzzles August In Weymouth,Liberty,,478,495,A-Easy,Average,2
Liberty Puzzles Hokusai Falcon and Cherry Tree Liberty Puzzles Sue Coccia Wolf,Liberty,,250,420,Average,Average,2
"Liberty Puzzles Hokusai Fine Wind, Clear Morning Liberty Puzzles Egon Schiele View of Krumau",Liberty,,252,508,Average,Average,2
Liberty Puzzles Holiday Wreath Liberty Puzzles Beryl Peters Designs Yuletide Memories,Liberty,,289,690,Hard,Hard,2
Liberty Puzzles Isaac Grunewald The Blue Pergola Liberty Puzzles Claude Monet The Artists Garden at Vetheuil,Liberty,,481,480,Average,Hard,2
Liberty Puzzles Isaac Grunewald The Blue Pergola Liberty Puzzles Dr. Seuss Every Girl Should Have a Unicorn,Liberty,,481,539,Average,Average,2
Liberty Puzzles James Sommerville Ocean Life ,Liberty,,769,,Hard,Average,1
Liberty Puzzles Jan Davidson Carmel by the Sea ,Liberty,,664,,Hard,Average,1
Liberty Puzzles Jan Davidson L.A. By Night Liberty Puzzles Gisbert Combaz La Libre Esthetique,Liberty,,588,528,Hard,Average,2
Liberty Puzzles Jan Davidson San Francisco ,Liberty,,670,,Average,Average,1
Liberty Puzzles Jane Tattersfield Birds Liberty Puzzles Castle Neuschwanstein,Liberty,,509,641,Average,Average,2
Liberty Puzzles Jane Tattersfield More Blooms In a Basket Liberty Puzzles David Newton Winterlands,Liberty,,496,524,Average,Hard,2
Liberty Puzzles Jane Tattersfield Peacock And Pattern Peaceful Puzzles August Macke Landscape at the Tegersee ,Liberty,Other-Laser-cut,508,400,Average,Average,2
Liberty Puzzles Jane Tattersfield Peacock and Pattern Liberty Puzzles Anthony Todd The Wine Tour,Liberty,,508,495,Average,Average,2
Liberty Puzzles Janice Larson Orchids in the East Window Liberty Puzzles Linnea Pergola Nantucket,Liberty,,548,468,Average,A-Easy,2
Liberty Puzzles Janice Larson Spring Garden Liberty Puzzles Linnea Pergola Left Bank Afternoon,Liberty,,466,572,Average,A-Easy,2
"Liberty Puzzles Jasper Cropsey Starrucca Viaduct, Pennsylvania Ecru Puzzles Richard Friend A Favorite Place",Ecru,Liberty,530,141,Average,Average,2
Liberty Puzzles Jean Jans The Younger The Battle Of Granicus ,Liberty,,602,,Hard,Average,1
Liberty Puzzles Jean-Leon Gerome Carpet Merchant ,Liberty,,658,,Average,Average,1
Liberty Puzzles Jeanne Maze Woodland Scene Liberty Puzzles Victorian Christmas Tree,Liberty,,541,607,Average,Average,2
Liberty Puzzles Jo Mora Indians of North America ,Liberty,,762,,Hard,Average,1
Liberty Puzzles John Audubon Carolina Parakeet Ecru Puzzles Erin Hanson Cypress Lights,Ecru,Liberty,332,398,Average,Average,2
Liberty Puzzles John Trumbull Declaration of Independence Liberty Puzzles Liberty Eagle,Liberty,,608,308,Average,Average,2
Liberty Puzzles Karen Williams-Brusubardis Yanapuma Liberty Puzzles Alice Schille Water Lilies,Liberty,,501,544,Hard,Average,2
Liberty Puzzles Limoneira Santa Liberty Puzzles Christmas Robins,Liberty,,257,270,Average,Average,2
Liberty Puzzles Linda Israel Buffalo Strength Liberty Puzzles Sarah Gentry Mels Belles,Liberty,,486,546,Average,Average,2
Liberty Puzzles Linnea Pergola Hills of San Francisco Liberty Puzzles Alex Beard The Painting of Life,Liberty,,577,536,Average,Hard,2
Liberty Puzzles Linnea Pergola Left Bank Afternoon Liberty Puzzles David Newton Blue Forest,Liberty,,572,501,A-Easy,Average,2
Liberty Puzzles Linnea Pergola Light Snowfall in New York ,Liberty,,702,,Average,Average,1
Liberty Puzzles Linnea Pergola Lugano Liberty Puzzles Erin Huybrechts Davis Woodland Wheel,Liberty,,582,501,Average,Average,2
Liberty Puzzles Linnea Pergola Maui ,Liberty,,703,,Hard,Average,1
Liberty Puzzles Linnea Pergola San Miguel de Allende Ecru Puzzles Maurice Denis Pittsburgh Sunset,Ecru,Liberty,527,290,Hard,Hard,2
Liberty Puzzles Linnea Pergola The Girl and the Sea Liberty Puzzles Phil Lewis Flatirons,Liberty,,489,433,Hard,Hard,2
Liberty Puzzles Lisa Graa Jensen Jenny&#39;s Garden Liberty Puzzles Jeanne Maze Woodland Scene,Liberty,,468,541,A-Easy,A-Easy,2
Liberty Puzzles Lisa Graa Jensen Jennys Garden Liberty Puzzles Sarah Gentry Abundance,Liberty,,468,569,Average,Average,2
Liberty Puzzles Lisa Graa Jensen Starry River Ecru Puzzles Nicole Gustafsson Mosslands,Ecru,Liberty,480,282,Hard,A-Easy,2
Liberty Puzzles Lynon Aksamit Chasing Butterflies 66 Mya,Liberty,,657,,Hard,Average,2
Liberty Puzzles Lynon Aksamit Holi Raja Liberty Puzzles Francis Farmar Piccadilly Circus,Liberty,,577,564,Average,Average,2
Liberty Puzzles Lynon Aksamit Octopus ,Liberty,,495,,Really-Hard,Average,1
Liberty Puzzles Marc Chagall I and the Village Liberty Puzzles Jan Brueghel and Peter Paul Rubens Sight,Liberty,,465,533,Average,Hard,2
Liberty Puzzles Matson Lines Hawaii Liberty Puzzles Hector Giacomelli Perch Of Birds,Liberty,,567,326,Average,Average,2
Liberty Puzzles Maurice Prendergast The Grand Canal Ecru Puzzles Aaron Wolf The Kingdom,Ecru,Liberty,498,214,Hard,Average,2
Liberty Puzzles Maxfield Parrish The Dream Garden Liberty Puzzles David Newton Winterlands,Liberty,,553,524,Average,Average,2
Liberty Puzzles Michelangelo Last Judgement ,Liberty,,717,,Really-Hard,Average,1
Liberty Puzzles Morses Santa Claus Liberty Puzzles New Years Toboggan,Liberty,,327,321,Hard,A-Easy,2
Liberty Puzzles Muktair Oladoja Lovers Ecru Puzzles Mystery Puzzle #23,Ecru,Liberty,504, 242,Average,Average,2
Liberty Puzzles Oregon Trail ,Liberty,,785,,Average,Average,1
Liberty Puzzles P.J. Crook Sea Dog Ecru Puzzles Mystery Puzzle #15,Ecru,Liberty,514,357,Average,Average,2
Liberty Puzzles Paris Air France Ecru Puzzles Robert Delaunay Eiffel Tower,Ecru,Liberty,483,,Hard,A-Easy,2
Liberty Puzzles Pat Scott Tasty Treat Liberty Puzzles Currier and Ives Central Park Winter,Liberty,,551,535,Average,Average,2
Liberty Puzzles Paul Ranson Edge of the Forest Liberty Puzzles Phil Lewis Winter Carnival III,Liberty,,527,547,Hard,A-Easy,2
"Liberty Puzzles Paul Signac The Herb Market, Verona Liberty Puzzles Claude Monet The Artists Garden at Giverny",Liberty,,505,531,Average,Average,2
Liberty Puzzles Paul Signac The Port of Saint-Tropez Liberty Puzzles Janice Larson Fall Garden,Liberty,,533,488,Hard,Hard,2
Liberty Puzzles Phil Lewis Flatirons ,Liberty,,864,,Average,Average,1
Liberty Puzzles Phil Lewis Let It Flow Liberty Puzzles Sue Coccia Grizzly Bear,Liberty,,420,471,Average,Average,2
Liberty Puzzles Phil Lewis Phoenix Liberty Puzzles Cats and Doves,Liberty,,466,519,Average,Hard,2
Liberty Puzzles Phil Lewis Sugar Magnolia ,Liberty,,881,,Hard,Hard,1
Liberty Puzzles Phil Lewis Sunshine Daydream ,Liberty,,902,,Hard,Average,1
Liberty Puzzles Pieter Brueghel Children Games ,Liberty,,795,,Average,Average,1
Liberty Puzzles Plants And Insects ,Liberty,,568,,Hard,Average,1
Liberty Puzzles Rebecca Cambell The Menagerie ,Liberty,,642,,Hard,Average,1
Liberty Puzzles Rebecca Campbell Its Raining Cats And Dogs Liberty Puzzles Alphonse Mucha Cycles Perfecta,Liberty,,470,400,Average,Average,2
Liberty Puzzles Richard Dadd The Fairy Fellers Master Stroke ,Liberty,,480,,Hard,Average,1
Liberty Puzzles Sage Wirth Chautauqua Park Ecru Puzzles Ton Dubbeldam Carpe Diem,Ecru,Liberty,252,354,Average,Really-Hard,2
Liberty Puzzles Sarah Gentry Abundance Liberty Puzzles A Resounding Success,Liberty,,569,513,A-Easy,Hard,2
Liberty Puzzles Sarah Gentry Mels Belles Liberty Puzzles Rex Ray Alistair,Liberty,,546,550,Average,Average,2
Liberty Puzzles Sue Coccia Bald Eagle Liberty Puzzles Sue Coccia Dolphin,Liberty,,375,250,A-Easy,A-Easy,2
Liberty Puzzles Sue Coccia Great Horned Owl Liberty Puzzles Jan Barwick ,Liberty,,372,510,Average,Average,2
Liberty Puzzles Sue Coccia Mabula Elephant Liberty Puzzles Sue Coccia Bison,Liberty,,573,373,Hard,A-Easy,2
Liberty Puzzles Sue Coccia Osprey Liberty Puzzles Linda Israel Heart Of A Bear,Liberty,,377,514,Average,Average,2
Liberty Puzzles Susan Anderton Crested Butte Liberty Puzzles Childe Hassam The Room of Flowers,Liberty,,430,450,Average,Average,2
Liberty Puzzles Susannah Mah Fong Two Koi Liberty Puzzles Ando Hiroshige Birds and Camellia Bushes in Flower,Liberty,,536,511,Average,Average,2
Liberty Puzzles Tarsila Amaral Exotic Landscape Lliberty Puzzles Roy De Forest Canoe Of Fate,Liberty,,519,519,A-Easy,A-Easy,2
"Liberty Puzzles The Dole Map of the Hawaiian Islands Liberty Puzzles Anitphonal Singing, Duige",Liberty,,530,529,Average,Average,2
Liberty Puzzles The Poultry of the World ,Liberty,,699,,Hard,Average,1
Liberty Puzzles The Story of Scheherazade Liberty Puzzles The Overseers Tale,Liberty,,488,463,Hard,Really-Hard,2
Liberty Puzzles The Wonderous Isle of Manhattan ,Liberty,,722,,Hard,Average,1
Liberty Puzzles Valle dAosta Liberty Puzzles Grand Hotel Belvedere,Liberty,,471,502,Average,Average,2
Liberty Puzzles Vincent Van Gogh Flowering Garden Ecru Puzzles Mystery Puzzle #19,Ecru,Liberty,386,355,Average,A-Easy,2
Liberty Puzzles Vintage Christmas Postcards Liberty Puzzles Christmas Robins,Liberty,Other-Hand-cut,744,270,Average,Average,2
Liberty Puzzles Voyage Round the World Liberty Puzzles A Bevy of Wild West Women,Liberty,,502,477,A-Easy,A-Easy,2
"Liberty Puzzles Vsevolod Niculin Bel Paese - Gastronomical Map of Italy Liberty Puzzles Giovanni Panini Interior of St. Peters, Rome",Liberty,,463,547,A-Easy,Hard,2
Liberty Puzzles William Glackens Mahone Bay Liberty Puzzles Renoir Chrysanthemums,Liberty,,473,535,Average,Average,2
Liberty Puzzles William Groppers American Folklore ,Liberty,,692,,Average,Average,1
Liberty Puzzles Winter in the Country: Gathering Ice Ecru Puzzles William Penhallow Henderson Luceros Place,Ecru,Liberty,499,385,Average,Average,2
Liberty Puzzles Yulia Drobova Dry Martini Liberty Puzzles Pierre-Auguste Renoir Luncheon of the Boating Party,Liberty,,545,545,A-Easy,Hard,2
Mosaic Puzzles Afternoon In Venice Charming Blue Whale Puzzle,Other-Laser-cut,,500,676,Average,Average,2
Mosaic Puzzles Love in New York Mosaic Puzzles The Streets of Paris,Other-Laser-cut,,500,500,Average,Average,2
Mr. Bob Puzzles Gary Schlatter Burano Italy ,Other-Laser-cut,,651,,Average,Average,1
Mr. Bob Puzzles Jan Dedman I Do Love to be Beside the Seaside Anne Belle Thompson Puzzles Desert Patio,Other-Hand-cut,Other-Laser-cut,525,226,A-Easy,A-Easy,2
Mr. Bob Puzzles Kevin Bynder Birak Hellofish Puzzles Azulejo Tiles,Other-Laser-cut,,252,125,Average,Average,2
Mr. Bob Puzzles Kevin Bynder Six Seasons Collage Puzzle Lab Spectrum Web,Other-Laser-cut,,525,300,A-Easy,A-Easy,2
Mr. Bob Puzzles Louise Farnay Beach Bums Hellofish Puzzles Cinyee Chiu Harvest Island,Other-Laser-cut,,101,200,Average,Average,2
Mr. Bob Puzzles Noongar Seasons Birak Mr. Bob Puzzles Noongar Seasons Bunuru,Other-Laser-cut,,252,252,A-Easy,A-Easy,2
Mr. Bob Puzzles Noongar Seasons Collage Puzzle Lab Rainbow Flow,Other-Laser-cut,,175,100,A-Easy,A-Easy,2
Mr. Bob Puzzles Noongar Seasons Djeran Mr. Bob Puzzles Noongar Seasons Birak,Other-Laser-cut,,252,252,A-Easy,A-Easy,2
Mr. Bob Puzzles Noongar Seasons Djeran Mr. Bob Puzzles Noongar Seasons Makuru,Other-Laser-cut,,252,252,A-Easy,Average,2
Mr. Bob Puzzles Noongar Seasons Djilba Mr. Bob Puzzles Noongar Seasons Kambarang,Other-Laser-cut,,252,252,A-Easy,A-Easy,2
Mr. Bob Puzzles Noongar Seasons Makuru Curiosi Puzzle Lolly,Other-Laser-cut,,525,123,Average,Average,2
Mr. Bob Puzzles Rebecca Cool Birds in a Tree Hartmaze Puzzles Hundred Birds Paying Homage to The Phoenix,Other-Laser-cut,,525,253,Average,Average,2
Mr. Bob Puzzles Rebecca Cool Rebeccas Collage Anne Belle Thompson Puzzles The Brick Walk,Other-Hand-cut,Other-Laser-cut,525,145,Average,Average,2
Mr. Bob Puzzles Robert Williams Dance of the Steel Girders ,Other-Laser-cut,,1001,,Average,Average,1
Mr. Bob Puzzles Sue Janson Serenity Peaceful Wooden Puzzles August Macke Landscape at the Tegersee,Other-Laser-cut,,252,250,Average,Average,2
Mr. Gogo Cinema Challenge ,Other-Hand-cut,,319,,Average,Average,1
Mr. Gogo Puzzles Ernst Haeckel Hummingbirds ,Other-Hand-cut,,356,,Average,Average,1
Mr. Gogo Puzzles London Bridges  ,Other-Hand-cut,,411,,Average,Average,1
Mr. Gogo Puzzles Magic Flower Artifact Puzzles Carl Larsson Holiday Reading,Artifact,Other-Hand-cut,300,163,Really-Hard,Average,2
"Nautilus Puzzles Alfred Concanen Modern Advertising: A Railway Station in 1874 Nautilus Puzzles Jo-Anne Yelen Kenmare, Ireland",Nautilus,,519,287,Hard,Average,2
Nautilus Puzzles Alphonse Mucha Times of the Day ,Nautilus,,539,,Hard,Average,1
Nautilus Puzzles Buddha With Lotus Flowers Ecru Puzzles Nicole Gustafson The Bookkeeper,Ecru,Nautilus,383,372,Average,Average,2
Nautilus Puzzles C. Michael Dudash Noahs Ark ,Nautilus,,560,,Average,Average,1
Nautilus Puzzles Circle of Flowers Nautilus Puzzles  Summer Hummingbird,Nautilus,,392,222,Average,Average,2
Nautilus Puzzles Colin Thompson Too Loud Nautilus Puzzles The Great Coney Island Water Carnival,Nautilus,,530,500,Average,Average,2
Nautilus Puzzles Curious Chickens Nautilus Puzzles Jean-Honore Fragonard The Swing,Nautilus,,349,334,A-Easy,Average,2
Nautilus Puzzles Dominico Ghirlandiao The Last Supper Nautilus Puzzles Hieronymous Bosch Beasts From the Garden of Earthly Delights,Nautilus,,475,400,Average,Average,2
Nautilus Puzzles Doors To The World Nautilus Puzzles Jacek Yerka Four Seasons,Nautilus,,557,310,Average,Average,2
Nautilus Puzzles Flower Still Life 1614 Nautilus Puzzles Monument Valley Sunset,Nautilus,,172,181,Average,Average,2
Nautilus Puzzles Fusion Idol Arts Day of the Dead Nautilus Puzzles Amadeo de Souza Cardosa Birth of the Viola,Nautilus,,256,349,A-Easy,A-Easy,2
Nautilus Puzzles Garry Gay Amazing Sea Urchins Nautilus Puzzles Easter Spiral,Nautilus,,175,420,A-Easy,Really-Hard,2
Nautilus Puzzles Graeme Stevenson Grizzly Bear Dreams Nautilus Puzzles Linda Bittner California Courtship,Nautilus,,400,426,Average,Average,2
Nautilus Puzzles Grizzly Bear Dreams Nautilus Puzzles The Vasa In Stockholm Harbor,Nautilus,,400,425,Average,Average,2
Nautilus Puzzles Homeward Bound Nautilus Puzzles Ice Skaters At Rockefeller Center,Nautilus,,358,249,Average,Average,2
Nautilus Puzzles Howard Robinson Fish Alive Nautilus Puzzles Graeme Stevenson Eagles Flight,Nautilus,,144,481,A-Easy,Hard,2
Nautilus Puzzles Howard Robinson Turtle Beach Nautilus Puzzles Kathy Jakobsen Mr. Coles Granary,Nautilus,,475,351,A-Easy,A-Easy,2
Nautilus Puzzles Irish Pubs Anthology Puzzles Around the World,Nautilus,,501,150,Average,Average,2
Nautilus Puzzles Jacek Yerka Knight Moves Nautilus Puzzles William Lionel Wylie Restoring The HMS Victory,Nautilus,Other-Hand-cut,323,425,Average,Average,2
Nautilus Puzzles Jan Brueghel the Elder  Collectors Cabinet ,Nautilus,,601,,Average,Average,1
"Nautilus Puzzles Jason Taylor Van Life-Grand Tetons Nautilus Puzzles Van Gogh Vase with Poppies, Cornflowers, Peonies, and Chrysanthemums",Nautilus,,474,120,Average,Average,2
Nautilus Puzzles Jeff Greene The Golden Spike Mr. Bob Jim Tsinganos Safety at Sea,Nautilus,Other-Laser-cut,401,501,Average,Average,2
Nautilus Puzzles John Collier The Sleeping Beauty Nautilus Puzzles John Duncan Saint Bride,Nautilus,,437,352,Average,Average,2
Nautilus Puzzles John Collier The Sleeping Beauty Nautilus Puzzles Kikugawa Eizan Cherry Blossoms In A Palace Garden In The Modern Style,Nautilus,,437,302,Average,Average,2
Nautilus Puzzles Karma Chameleon Nautilus Puzzles Curious Chickens,Nautilus,,337,349,Average,Average,2
Nautilus Puzzles Kevin Walsh Victorian Christmas Village Anthology Puzzles Ugly Sweaters,Nautilus,,608,180,Average,Average,2
Nautilus Puzzles Larry Eifert Two Sides of The Sea ,Nautilus,,501,,Average,Average,1
Nautilus Puzzles Maple Creek Nautilus Puzzles Lancelot and Guinevere,Nautilus,,385,437,A-Easy,Average,2
Nautilus Puzzles Monets Waterlilies Nautilus Puzzles Doors to the World,Nautilus,,237,557,Average,Average,2
Nautilus Puzzles Moonlight Magic Nautilus Puzzles Arabian Fantasy,Nautilus,,301,440,Average,Average,2
Nautilus Puzzles Moonrise Nautilus Puzzles Bearly There,Nautilus,,360,333,Average,Average,2
"Nautilus Puzzles Parc Guell, Barcelona Nautilus Puzzles John Duncan Saint Bride",Nautilus,,410,352,A-Easy,Average,2
"Nautilus Puzzles Petrus Plancius World Map, 1594",Nautilus,,555,,Average,Average,2
"Nautilus Puzzles Pierre-Auguste Renoir Woman with a Guitar, 1897 Nautilus Puzzles Kevin Walsh The Flying Scotsman at Kings Cross",Nautilus,,349,299,Average,A-Easy,2
Nautilus Puzzles Pip Shuckburgh Dance of the Elephants Nautilus Puzzles Alphonse Mucha Spring,Nautilus,,499,122,Average,Average,2
Nautilus Puzzles Reinier Nooms Before the Battle of the Downs Nautilus Puzzles Jan Brueghel the Elder Collectors Cabinet,Nautilus,,425,601,Average,Average,2
Nautilus Puzzles Summer Hummingbird Nautilus Puzzles Sloth Among The Butterflies,Nautilus,,222,143,Average,Average,2
Nautilus Puzzles Van Gogh Irises Nautilus Puzzles Walter Crane Neptune&#39;s Horses,Nautilus,,464,404,Hard,Hard,2
Nautilus Puzzles Virigina Francess Sterrett Art Deco Princess Nautilus Puzzles Pip Shuckburgh Dance Of The Elephants,Nautilus,,367,499,Average,Average,2
Nautilus Puzzles Wildflower Tapestry  Nautilus Puzzles Fall Fishing,Nautilus,,506,425,Average,Average,2
Nervous System Jonathan McCabe Radial Series #1559 Wongo Puzzles The Butterfly,Other-Laser-cut,,80,206,Average,Average,2
Nervous Systems Agate Puzzle Thom Spencer Wheel of Changing Colors,Other-Hand-cut,Other-Laser-cut,171,441,Hard,Really-Hard,2
Nervous Systems Cosmic Cliffs Infinite Galaxy Puzzle Nervous Systems Giant Geode,Other-Laser-cut,,264,600,Average,Average,2
Nervous Systems Geode Puzzle Wongo Puzzles The Elephant,Other-Laser-cut,,171,330,Hard,Really-Hard,2
Nervous Systems Infinite Galaxy Unidragon Inexhaustible Abundance Mandala,Other-Laser-cut,,131,200,Average,Average,2
Nervous Systems Puzzles Geode Nervous Systems Puzzles Earth,Other-Laser-cut,,171,441,Hard,Really-Hard,2
Optimago John Strickland Goodall Summer Outing Unidragon Puzzles Playful Parrots,Other-Hand-cut,Other-Laser-cut,320,620,Average,Hard,2
Optimago Puzzles Stars and Stripes Optimago Puzzles Sheep,Other-Hand-cut,,308,262,Average,Average,2
Palmaris Puzzles Susan Schroder Portal Swift Of Spring ZenChalet Puzzles ,,,470,200,Average,Average,2
Parr Puzzles L-series Alex Ross Card Sharks ,,,540,,Average,Average,1
Peaceful Puzzles Colorful Gerbera Daisies Spuzzles Doodle 2,Other-Laser-cut,,250,360,Average,Average,2
Peaceful Puzzles Degas Rehearsal FoxSmartBox Carl Kahler My Wifes Lovers,Other-Laser-cut,,440,350,Average,Average,2
Penelope Puzzles Lake View with Wisteria Wentworth Triskelion,Wentworth,,150,153,Average,Average,2
Puzzlapy Corinne St Mleux Green Cat Puzzlapy Corinne St Mleux Fish Bowl,,,110,140,Average,A-Easy,2
Puzzle Lab Julie Amlin New Day Puzzle Lab Mike Lathrop Islands of Elements,Other-Laser-cut,,175,175,A-Easy,A-Easy,2
Puzzle Lab Rare Moon Puzzle Lab Moon Light,Other-Laser-cut,,300,213,Average,Average,2
Puzzlemonk Sanctuary Michele Wilson Vase Celadon,Other-Hand-cut,,162,350,Average,Average,2
Puzzlewood Birds and Flowers JC Ayer Mystery Puzzle,Other-Hand-cut,,484,300,Hard,A-Easy,2
ScrollRight Puzzles City Market Sunflower Wongo Puzzles The Cactus,,,128,241,Average,Average,2
Shay Carmichael Puzzles Inchworm Shay Carmichael Puzzles Squirreled Away,,,100,100,Average,Average,2
Snowflake Puzzle Collage of 8 Classic National Parks Travel Posters Wongo Puzzles The Turtle,Other-Hand-cut,,500,207,Average,Average,2
Snowflake Puzzles Colorful Twirly-ques Ecru Puzzles Mystery Puzzle #23,Ecru,Other-Hand-cut,500,,Average,A-Easy,2
Snowflake Puzzles Hiroshige Ando Minowa Kanasugi Mikawashims Snowflake Puzzles Seba,Other-Hand-cut,,500,500,A-Easy,A-Easy,2
Snowflake Puzzles Koganeibashi no sekishō Snowflake Puzzles Utagawa Hiroshige Zojoji Pagoda and Akabane,Other-Hand-cut,,511,514,A-Easy,A-Easy,2
Snowflake Puzzles Libertys Starry Night by Mark Whitesell Snowflake Puzzles Fractal Digital Art,Other-Hand-cut,,500,500,Really-Hard,Really-Hard,2
Snowflake Puzzles Mark Whitesell Paint Pour Fractal Snowflake Puzzles Mark Whitesell Dual Spirals Fractal,Other-Hand-cut,,500,500,Average,Average,2
Snowflake Puzzles Mark Whitesell Skagit Valley Tulips Snowflake Puzzles Benh Lieu Song Inside an Inflating Hot Air Balloon,Other-Hand-cut,,500,500,Hard,Hard,2
Snowflake Puzzles Peacocks and Poppies BCB Puzzles Miko A Wonderful Day,Other-Hand-cut,,500,300,Average,A-Easy,2
Snowflake Puzzles Seba Snowflake Puzzles Mandala,Other-Hand-cut,,500,500,A-Easy,Average,2
Snowflake Puzzles Shinobazu Pond During a Foggy Evening Snowflake Puzzles Red Warehouses at Gloucester,Other-Hand-cut,,500,500,Average,Average,2
Spuzzles Doodle 3 Spuzzles Naranja,Other-Laser-cut,,360,200,A-Easy,Hard,2
Spuzzles Kiwi Spuzzles Lemon,Other-Laser-cut,,200,200,A-Easy,Average,2
Spuzzles Robert Delaunay Rhythm Spuzzles Kundalee,Other-Laser-cut,,200,200,Average,Average,2
Sr. B Puzzles Utagawa Hiroshige Maguro Drum Bridge and Sunset Hill ,,,548,,Average,Average,1
Starz Puzzles Alexandra Gallagher This Land Starz Puzzles Color By Feliks Sunflowers,,,263,263,Average,Average,2
Starz Puzzles Dean Russo Best Friends Puzzle Lab Mandy Leinbach Papa Bear,Other-Laser-cut,,159,200,Average,Hard,2
Starz Puzzles Francois Ruer Medieval Bunny Life Starz Puzzles Francois Ruer Cooking Witch,,,353,353,Average,Average,2
Stave Puzzles Awesome Blossom DaVici Puzzles Offstage,DaVici,Stave,175,190,Hard,Average,2
Stave Puzzles Betsy Brown Riding High Hartmaze Puzzles Colorful Owl,Stave,Other-Laser-cut,180,209,Hard,A-Easy,2
Stave Puzzles Bill Bell Quebec City Wentworth Puzzles Sakura Spring,Stave,Wentworth,522,500,Average,Average,2
Stave Puzzles Candy Thun English Garden Wentworth Puzzles Mini Puzzles,Stave,Wentworth,160,40,Hard,A-Easy,2
Stave Puzzles Candy Thun Tropical Punch Whimsy Puzzles Lighthouse By The Sea,Stave,Other-Laser-cut,70,100,Average,A-Easy,2
Stave Puzzles Candy Thun Turtle Soup Hartmaze Puzzles Brilliant Cells and Chequers,Stave,Other-Laser-cut,70,167,Really-Hard,A-Easy,2
Stave Puzzles Circus Engine Trove Puzzles Nine Mandalas,Stave,Other-Laser-cut,55,250,A-Easy,A-Easy,2
Stave Puzzles Dog-gone It Trove Puzzles Herringbone Repeat,Stave,Other-Laser-cut,100,250,Average,A-Easy,2
Stave Puzzles Edith Bingham Give Me A Buzz Whimsy Puzzles Singing Fish,Stave,Other-Laser-cut,41,100,Average,A-Easy,2
Stave Puzzles Elephant Show Puzzle Michele Wilson - Alain Thomas Quetzal resplendissant,Stave,Other-Hand-cut,35,250,Average,Hard,2
Stave Puzzles Have A Ball Artifact Puzzles Kristian Adam Mr. Pink Palace,Artifact,Stave,65,203,Hard,A-Easy,2
Stave Puzzles Hide n Seek Artifact Puzzles Valentin Rekunenko Swordfight,Artifact,Stave,125,439,Hard,Hard,2
Stave Puzzles Koi Pond Anne Belle Thompson Chinese Takeout,Stave,Other-Hand-cut,194,255,Average,Average,2
"Stave Puzzles My Special Tea Wentworth Puzzles The Library Chatsworth, Derbyshire",Stave,Wentworth,75, 100,Really-Hard,A-Easy,2
Stave Puzzles Night Before Christmas Artifact Puzzles Egon Schiele Four Trees,Artifact,Stave,300,79,Average,A-Easy,2
Stave Puzzles Soaring To New Heights Ecru Puzzles Ochiai Rofu Kyoto Four Scenes,Ecru,Stave,140,333,Really-Hard,Average,2
Stave Puzzles Spa de Bow Wow Wentworth Puzzles Joseph Turner Dawn after the Wreck,Stave,Wentworth,65,140,Hard,Average,2
Stave Puzzles Susan Greenleaf A Lasting Impression Peaceful Puzzles Gustav Klimt Church in Cassone,Stave,Other-Laser-cut,90,250,Average,Average,2
Steve Gordon Meta Maze Puzzle 11 Nautilus Puzzles Peking Dragon,Nautilus,,205,150,Average,Average,2
Steve Gordon Puzzles Squa Dia Cir Vortex Maze 8 Nervous Systems Rainbow,Other-Laser-cut,,511,380,Average,Average,2
Touch Wood Puzzles Mysterious Badger Zufa Puzzles Cat,Other-Laser-cut,,152,173,Average,Average,2
Trove Puzzles 9 Donuts Zufa Puzzles Two Cats,Other-Laser-cut,,250,186,Average,Average,2
Turtle Teasers Competition Puzzle Zen Puzzles Circles of Life,Other-Laser-cut,,100,150,Average,Average,2
Turtle Teasers Steven Meyers Dahlia Zen Puzzles Honeybees,Other-Laser-cut,,295,202,Average,Really-Hard,2
Turtle Teasers The Paradise of the Medicine Buddha Lands&#39; End Puzzle,,,158, 200,Average,Average,2
Unidragon Cappadocia Quezzle ,Other-Laser-cut,,,,A-Easy,Average,1
Unidragon Iridescent Chameleon Unidragon Shining Fish,Other-Laser-cut,,315,331,Average,A-Easy,2
Unidragon Puzzles Eternal Elephant Unidragon Puzzles Intergalaxy Butterfly,Other-Laser-cut,,194,306,Average,Average,2
Unidragon Puzzles Fairy Bird Unidragon Puzzles Charming Owl,Other-Laser-cut,,198,187,Average,Average,2
Unidragon Puzzles Inspiring Unicorn Unidragon Puzzles Milky Whales,Other-Laser-cut,,195,268,Average,Average,2
Vintage Penelope Puzzle Boy with Green Ball Optimago Bailleul le Jeune Nouvelle Mappe-Monde,Other-Hand-cut,,80,600,Average,Average,2
Waterford Puzzles (Elms Puzzles) Fall Wreath BCB Puzzles Grannys Attic,Other-Hand-cut,,80,150,Average,A-Easy,2
Waterford Puzzles (Elms) Parker Fulton Taj Mahal ,,,416,,Really-Hard,Average,1
Waterford Puzzles (Elms) Tim Zeltner Multi-season Earth Day ,,,619,,Average,Average,1
"Wentwort Puzzles Anna Stowe Antwerpen-Centraal Railway Station, Belgium Wentworth Puzzles Lars Stewart Indian Pillow Market",Wentworth,,243,500,A-Easy,A-Easy,2
Wentworth Puzzles Abraham Hunter Family Joy ,Wentworth,,1000,,Really-Hard,,1
Wentworth Puzzles Abraham Hunter Mountain Morning ,Wentworth,,1000,,Average,Average,1
Wentworth Puzzles Aimee Stewart The Amazing Animal Kingdom ,Wentworth,,1000,,Average,,1
Wentworth Puzzles Assaf Frank Snowman Bench ,Wentworth,,1000,,Average,Average,1
Wentworth Puzzles Beautiful Victorian Day Whimsy Puzzles Julie Pace Hoff Last Minute Christmas Flurry,Wentworth,Other-Laser-cut,450,,Average,Average,2
Wentworth Puzzles Best Cat Stories Wentworth Puzzles Colin Thompson The Collectors Cupboard,Wentworth,,500,500,Average,Average,2
Wentworth Puzzles Breezy River Wentworth Puzzles Joy LaForme Black Cat Books,Wentworth,,500,500,Average,Average,2
Wentworth Puzzles Can You See Me Wentworth Puzzles Aimee Stewart Wish Upon a Bookshop,Wentworth,,245,500,Hard,Average,2
Wentworth Puzzles Chris Ceaser Kaleidoscope ,Wentworth,,500,,Really-Hard,Average,1
Wentworth Puzzles Christopher Rogers The Cove Wentworth Puzzles St Edwards Church Leek,Wentworth,,500,500,Average,Average,2
Wentworth Puzzles Claire Comerford Summer Garden ,Wentworth,,1000,,Average,Average,1
Wentworth Puzzles Claire McElfatrick Secret Garden Wentworth Puzzles Lucy Pittaway Strolling Home,Wentworth,,500,500,Average,Average,2
Wentworth Puzzles Cobble Hill Image Best Cat Stories Artifact Puzzles Gavin Watson Creature Comforts,Artifact,Wentworth,500,322,Average,Average,2
Wentworth Puzzles Colin Thompson Doors Open ,Wentworth,,1000,,Average,Average,1
Wentworth Puzzles Colin Thompson Gardeners Cabinet Boardwalk Puzzles Tim Zeltner Multi-season Earth Day,Wentworth,Other-Laser-cut,500,448,Average,Average,2
Wentworth Puzzles Colin Thompson Kitchen Cupboard ,Wentworth,,1000,,Average,Average,1
Wentworth Puzzles Colin Thompson Neverending Stories ,Wentworth,,1000,,Average,Average,1
Wentworth Puzzles Colin Thompson Our Town ,Wentworth,,1000,,Hard,Average,1
Wentworth Puzzles Colin Thompson The Collectors Cupboard ,Wentworth,,1000,,Really-Hard,Average,1
Wentworth Puzzles David Feather Hedgehog Wentworth Puzzles Victoria Hall Three Sisters,Wentworth,,500,250,Average,Hard,2
Wentworth Puzzles David Maclean Parisian Charm ,Wentworth,,1000,,A-Easy,Average,1
Wentworth Puzzles David Newton Feline Fulfilment (After Klimt) ,Wentworth,,1000,,Average,Average,1
Wentworth Puzzles David Penfound Feathered Friends ,Wentworth,,1000,,Average,Average,1
Wentworth Puzzles Dominic Davison April Cottage Wentworth Puzzles Aimee Stewart Life is an Open Book-London,Wentworth,,250,250,Average,Average,2
Wentworth Puzzles Dominic Davison Christmas at Home ,Wentworth,,1000,,Average,Average,1
Wentworth Puzzles Dominic Davison Church Lane Cottage ,Wentworth,,1000,,Average,Average,1
Wentworth Puzzles Dominic Davison Mountain Cabin ,Wentworth,,1000,,Average,Average,1
Wentworth Puzzles E. B. Watts Rabbit Heaven ,Wentworth,,1000,,Average,Average,1
Wentworth Puzzles E.B. Watts Sheep with Patchwork ,Wentworth,,1000,,Average,Average,1
"Wentworth Puzzles Eduard ArtBeat Studios Village Post Office Wentworth Puzzles Macneil Studio London, House of Parliament",Wentworth,,500,250,Average,A-Easy,2
Wentworth Puzzles Eduard ArtBeat Studios Water Drop Wentworth Puzzles Olga Salt Fractal Geometry,Wentworth,,287,229,Average,Really-Hard,2
Wentworth Puzzles Eduard-ArtBeat Studios Botanical Montage ,Wentworth,,1000,,Average,Average,1
Wentworth Puzzles Elena Khomoutova Skating of Joy in Ottawa Wentworth Puzzles Susan Entwistle Alliums and Poppies,Wentworth,,500,500,Average,Average,2
Wentworth Puzzles Fractal Geometry Wentworth Puzzles ,Wentworth,,229,504,Really-Hard,Average,2
Wentworth Puzzles Fun Christmas Wreath Wentworth Puzzles Pets Selfie,Wentworth,,250,250,Average,Average,2
Wentworth Puzzles Garden Flowers of Lake Louise Wentworth Puzzles Sheep Reposing Dalby Bay Isle of Man,Wentworth,,250,250,Average,Average,2
Wentworth Puzzles Gordon Lees Snowy Village ,Wentworth,,1000,,Average,Average,1
Wentworth Puzzles Grant Wood American Gothic ,Wentworth,,1500,,Average,Average,1
Wentworth Puzzles Greg Giordano Garden Party ,Wentworth,,1000,,Average,Average,1
Wentworth Puzzles Haruyo Morita Fuyune Wentworth Puzzles Peter Breughel The Wedding Dance,Wentworth,,500,250,Average,Average,2
Wentworth Puzzles Hokusai Wave Wentworth Puzzles Walter Crane Sir Galahad In King Arthurs Court,Wentworth,,250,250,Hard,Hard,2
"Wentworth Puzzles Holbein, Hans the Younger Portrait of Henry VIII Wentworth Puzzles The Book of Hours of the Duke of Berry (May)",Wentworth,,250,250,A-Easy,Average,2
Wentworth Puzzles Kandinsky Squares With Concentric Circles Wentworth Puzzles Alfredo Arreguin From Here To Eternity,Wentworth,,240,250,Average,Average,2
Wentworth Puzzles Keiti Lazy Reads Wentworth Puzzles Rainbow Washi Tape,Wentworth,,230,250,A-Easy,A-Easy,2
Wentworth Puzzles Kirsten Ulve New York City Lady Wentworth Puzzles Steve Skelton Getting Away From It All,Wentworth,,500,250,A-Easy,A-Easy,2
Wentworth Puzzles Klimt Santa Wentworth Puzzles Jane Ryder-Gray Festive Crackers!,Wentworth,,250,240,Average,Average,2
Wentworth Puzzles Lars Stewart Indian Pillow Market ,Wentworth,,1000,,Average,Average,1
Wentworth Puzzles Lars Stewart Rainbow Washi Tape Wentworth Puzzles Lena ArtBeat Studios Egg-squisite Eggs,Wentworth,,280,260,Really-Hard,Hard,2
Wentworth Puzzles Lena ArtBeat A Gem of a Succulent ,Wentworth,,1000,,Average,Average,1
Wentworth Puzzles Lesley Hammett Winter Berries Wentworth Puzzles William Vanderdasson Silent Watch,Wentworth,,250,500,Average,Average,2
"Wentworth Puzzles Lesley Ivory Megatab, Mintaka and the Snowman ",Wentworth,,1000,,Average,Average,1
"Wentworth Puzzles Leslie Anne Ivory Mumu, Twiglet and Mintaka in Ancient Egypt at Christmas ",Wentworth,,1000,,Average,Average,1
Wentworth Puzzles Lisa Graa Jensen Skaters at St. James Park Wentworth Puzzles Julie Oldham Festival of Snowmen,Wentworth,,500,500,Average,Average,2
Wentworth Puzzles Luigi Premazzi The Raspberry Salon ,Wentworth,,1000,,Average,Average,1
Wentworth Puzzles Macneil Studio Whitehall in Snow Wentworth Puzzles Alamy Photos The Puzzle that Broke the Ice,Wentworth,,250,252,A-Easy,Really-Hard,2
Wentworth Puzzles Martin Fry Botanical Garden ,Wentworth,,1000,,Hard,Average,1
Wentworth Puzzles Maureen Rupprecht Pencil Collage Wentworth Puzzles Fractal Geometry Olga Salt,Wentworth,,280,229,Hard,Really-Hard,2
Wentworth Puzzles Maureen Sparling January King Cabbage Wentworth Puzzles Silver Threads and Golden Needles,Wentworth,,225,500,Average,Average,2
Wentworth Puzzles Miguel Freitas This is London ,Wentworth,,1000,,A-Easy,Average,1
Wentworth Puzzles Mossy Bottom Farm Wentworth Puzzles Jungle Jaguar,Wentworth,,250,500,Average,Average,2
Wentworth Puzzles Nene Thomas Queen of Silk ,Wentworth,,1000,,Average,Average,1
Wentworth Puzzles P.D. Moreno Cabin in the Woods ,Wentworth,,1000,,A-Easy,Average,1
Wentworth Puzzles Paula Doherty Nativity Kings ,Wentworth,,,,Hard,Average,1
Wentworth Puzzles Peter Barrett Noahs Ark Wentworth Puzzles Myron Standret Beauty World,Wentworth,,250,243,Average,Average,2
Wentworth Puzzles Pieter Brueghel the Younger The Village Festival ,Wentworth,,1000,,Average,Average,1
Wentworth Puzzles Rainbow Washi Tape Wentworth Puzzles Water Drop,Wentworth,,280, 280,A-Easy,A-Easy,2
Wentworth Puzzles Randal Spangler Cat Bookshelf Wentworth Puzzles Wendy Edelson Cosy Snowman,Wentworth,,500,500,A-Easy,A-Easy,2
Wentworth Puzzles Rebecca McCulloch Harbour Houses Wentworth Puzzles Kay Widdowson Wheelbarrow Garden,Wentworth,,250,250,A-Easy,A-Easy,2
Wentworth Puzzles Richard Macneil Summer Hedgehogs ,Wentworth,,1000,,Average,Average,1
Wentworth Puzzles Russian Dolls ,Wentworth,,750,,A-Easy,Average,1
Wentworth Puzzles Spring Sakura ,Wentworth,,1000,,Average,Average,1
Wentworth Puzzles Steve Crisp Halloween House Wentworth Puzzles The Puzzle that Pines for Your Attention,Wentworth,,518,504,A-Easy,Really-Hard,2
Wentworth Puzzles Steve Read Pottery Studio Wentworth Puzzles Bill Mundy The Illuminated Manuscript,Wentworth,,500,237,A-Easy,A-Easy,2
"Wentworth Puzzles Sue Coccia Dragon Wentworth Puzzles National Trust Wall Garden, Nymans, West Sussex",Wentworth,,210,230,Average,Average,2
Wentworth Puzzles The 70th Wedding Anniversary of Queen Elizabeth II and the Duke of Edinburgh Wentworth Puzzles Royal Wedding Commemorative Puzzle- The Duke and Duchess of Cambridge,Wentworth,,250,270,Average,Average,2
Wentworth Puzzles Thomas Cole The Course of Empire: The Consummation of Empire ,Wentworth,,1500,,Hard,Average,1
Wentworth Puzzles Tiki Evening Delight Wentworth Puzzles Colin Thompson The Gardeners Cupboard,Wentworth,,500,500,Average,Average,2
Wentworth Puzzles Tsuki Hoshi Wentworth Puzzles Tapestry Cat,Wentworth,,250,250,Average,Average,2
Wentworth Puzzles Van Gogh Almond Blossom Wentworth Puzzles Time for Tea,Wentworth,,321,250,Average,Average,2
Wentworth Puzzles Van Gogh Almond Blossoms ,Wentworth,,1000,,Average,Average,1
Wentworth Puzzles Vintage Opera Posters Wentworth Puzzles Platinum Jubilee Of Queen Elizabeth II,Wentworth,Other-Hand-cut,250,250,Average,Average,2
"Wentworth Puzzles Zebo Ludvicek Birdcages Wentworth Puzzles Hyde Street View, San Francisco",Wentworth,,500,250,Average,Average,2
Wentworth Puzzles Zhang Meili Red Lillies ,Wentworth,,1000,,Average,Average,1
What A Wood Work Aztec Calendar Anthology Spooktober,,,500,200,Average,Average,2
Whimsy Puzzles Anton Foltin Zion National Park Whimsy Puzzles Macaw Parrots,Other-Laser-cut,,1000,1000,Hard,Hard,2
Whimsy Puzzles Dmitry Kovba Mt. Rainier National Park Whimsy Puzzles Fruits and Veggies,Other-Laser-cut,,1000,1000,Average,Hard,2
Whimsy Puzzles Frank Champine Magic Forest Whimsy Puzzles Radiant Butterflies,Other-Laser-cut,,500,1000,A-Easy,Hard,2
Whimsy Wood Puzzles An Ocean Party ,,,425,,Hard,Average,1
Zen Puzzles Basket Of Love Zen Puzzles Castle Hill,Other-Laser-cut,,300,300,Average,Average,2
Zen Puzzles Inch By Inch Zen Puzzles Rhinocerous,Other-Laser-cut,,125,125,Average,Average,2
Zen Puzzles Peaceful Gathering Zen Puzzles Panda,Other-Laser-cut,,204,204,A-Easy,A-Easy,2
Zen Puzzles Waterlily  Zen Puzzles Summer In A Winter Forest,Other-Laser-cut,,297,349,Average,Average,2
Artifact Puzzles Abu al-Hasan Squirrels BCB Puzzles Smellin Good,Artifact,Other-Hand-cut,155,135,Really-Hard,Hard,2
Artifact Puzzles Bee Eater Artifact Puzzles Gustav Klimt Baby,Artifact,,425,295,Average,Average,2
Artifact Puzzles Bruegel Triumph of Death Artifact Puzzles Lucas Cranach the Elder Hunting at Hartenfels Castle,Artifact,,361,349,Average,Average,2
Artifact Puzzles Dennis Brady Circles and Squares Artifact Puzzles Diego Mazzeo Mechanical Griffin,Artifact,,65,207,A-Easy,Average,2
Artifact Puzzles Edward Hopper Nighthawks Artifact Puzzles Munch The Scream,Artifact,,374,232,Average,Average,2
Artifact Puzzles Giuseppe Castiglione Birds and Cherries Artifact Puzzles Gordon Barker Seaside,Artifact,,152,242,A-Easy,A-Easy,2
Artifact Puzzles Giuseppe Castiglione Birds and Cherries Artifact Puzzles Kate Swanson Sandpipers,Artifact,,152,161,Average,Average,2
Artifact Puzzles Gordon Barker Seaside Artifact Puzzles Kate Swanson Sandpipers,Artifact,,242,161,A-Easy,A-Easy,2
Artifact Puzzles Iris Scott Tiger Fire Artifact Puzzles Rachel Pedder-Smith Abandoned Garden,Artifact,,306,296,Hard,Hard,2
Artifact Puzzles Iwona Lifsches Poohsticks Artifact Puzzles Deccan Miniature,Artifact,,261,150,A-Easy,A-Easy,2
Artifact Puzzles Karla Gerard Farmland Ecru Puzzles Van Gogh Almond Blossoms,Artifact,Ecru,154,210,Average,Really-Hard,2
Artifact Puzzles Karla Gerard Night Village Artifact Puzzles Karla Gerard Lively Landscape,Artifact,,164,221,A-Easy,A-Easy,2
Artifact Puzzles Manet Crystal Vase Artifact Puzzles Karla Gerard Night Village,Artifact,,167,164,Average,Average,2
Artifact Puzzles Nicolas Roerich Varangians Artifact Puzzles Pursuit of Happiness,Artifact,,72,185,Average,A-Easy,2
Artifact Puzzles Paul Klee Fish Magic Artifact Puzzles After The Tiger Hunt,Artifact,,254,373,Hard,Really-Hard,2
Artifact Puzzles Piero Cosimo Andromeda  Artifact Puzzles Kevin Sloan The Worrier,Artifact,,411,427,Hard,Average,2
Artifact Puzzles Piet Mondrian Artifact Puzzles Bizarre Fish,Artifact,,153,98,Really-Hard,Average,2
Artifact Puzzles Rachel Pedder-Smith Abandoned Garden Artifact Puzzles Bee Eater,Artifact,,296,439,A-Easy,Average,2
Artifact Puzzles Roch Urbaniak Unexpected Visitor Artifact Puzzles Lucas Cranach the Elder Hunting at Hartenfels Castle,Artifact,,303,349,Average,Average,2
Artifact Puzzles Sorolla Valencia Artifact Puzzles Monet Bridge ,Artifact,,150,156,A-Easy,Hard,2
Artifact Puzzles Tomasz Pietrzyk Clocks Double-Sided Ecru Puzzles Emily Carr Tanoo,Artifact,Ecru,148,117,Hard,Hard,2
Artifact Puzzles Viktor Vasnetsov Sleeping Princess Artifact Puzzles Tomasz Pietrzyk Circle of Time,Artifact,,137,220,A-Easy,A-Easy,2
Artistry Puzzles Great Horned Owl Mosaic Puzzles An Afternoon in Venice,Other-Laser-cut,,556,250,Hard,A-Easy,2
DaVici Puzzles Flying Frigate DaVici Puzzles Hobby Horse,DaVici,,130,165,A-Easy,A-Easy,2
DaVici Puzzles Millenium Tree ,DaVici,,1098,,Hard,Average,1
DaVici Puzzles Sergey Adeev Winter is Just Around The Corner DaVici Puzzles Vladimir Zhdanov Lilac House,DaVici,,260,160,A-Easy,A-Easy,2
Ecru Puzzles Amedeo Modigliani Madame Zborowska Wooden Jigsaw Ecru Puzzles Amedeo Modigliani Red Scarf Wooden Jigsaw Puzzle,Ecru,,120,100,A-Easy,Average,2
Ecru Puzzles Erin Hanson Cypress Lights Artifact Puzzles Vincent Van Gogh Two Figures In the Undergrowth,Artifact,Ecru,398,446,Hard,Hard,2
Ecru Puzzles Mystery Puzzle #16 Artifact Puzzles Jethro Buck Wild Things,Artifact,Ecru,331,530,Hard,Hard,2
Ecru Puzzles Mystery Puzzle #17 Ecru Puzzles Mystery Puzzle #23,Ecru,,300,447,A-Easy,Hard,2
Ecru Puzzles Mystery Puzzle #22 Artifact Puzzles  Abu al-Hasan Squirrels,Artifact,Ecru,247,155,Hard,Average,2
Ecru Puzzles Richard Friend Limberlost Woods Ecru Puzzles Mystery Puzzle #15,Ecru,,355,357,Hard,Average,2
Ecru Puzzles Ton Dubbeldam Provence Revisited Ecru Puzzles Mystery Puzzle #17,Ecru,,293,280,Average,A-Easy,2
Liberty Puzzles Andreas Schelfhout Skating in Holland Liberty Puzzles Currier and Ives Central Park Winter,Liberty,,493,535,Average,Hard,2
Liberty Puzzles David Newton Winterlands Liberty Puzzles Rebecca Campbell The Good Life is On the Way,Liberty,,524,518,Hard,Average,2
Liberty Puzzles Dr. Seuss A Plethora of Fish ,Liberty,,470,,Average,Average,1
Liberty Puzzles Duke Beardsley Rompecabezas Liberty Puzzles Vogue Cover November 1911,Liberty,,543,331,Average,Average,2
Liberty Puzzles Hawaiian Islands ,Liberty,,739,,Hard,Average,1
Liberty Puzzles Jan-Loup Grand Circuit Des Capitales ,Liberty,,739,,Hard,Average,1
Liberty Puzzles Linda Israel Troublesome Moose ,Liberty,,517,,Hard,Average,1
Liberty Puzzles Linnea Pergola Barcelona ,Liberty,,673,,Hard,Average,1
Liberty Puzzles Linnea Pergola Florence ,Liberty,,591,,Average,Average,1
Liberty Puzzles Linnea Pergola Machu Picchu ,Liberty,,670,,Average,Average,1
Liberty Puzzles Linnea Pergola Portofino Italy Ecru Puzzles Allen Gilbert Cram Fishermans Cottage,Ecru,Liberty,630,158,Average,Average,2
Liberty Puzzles Lisa Graa Jensen Snowbirds Liberty Puzzles Leon Morrocco Fisherman Jetty Antibes,Liberty,,528,468,A-Easy,A-Easy,2
Liberty Puzzles Phil Lewis Foxy Liberty Puzzles Henri Matisse The Pink Tablecloth,Liberty,,406,278,Average,Average,2
Liberty Puzzles Pieter Bruegel the Elder The Battle of Carnival and Lent ,Liberty,,707,,Hard,Average,1
Liberty Puzzles Sue Coccia Frog ,Liberty,,498,,Average,Average,1
Liberty Puzzles Sue Coccia Great Horned Owl XS Nervous Systems Geode Puzzle,Liberty,Other-Laser-cut,97,173,A-Easy,Hard,2
Liberty Puzzles United Nations Tour of Jordan,Liberty,,239,200,A-Easy,A-Easy,2
Mosaic Puzzles 18th Century French Tapestry Stave Puzzles All Shook Up,Stave,Other-Laser-cut,250,90,A-Easy,Hard,2
Mr. Gogo Puzzles 24 hours Mr. Gogo Puzzles Gnome World,Other-Hand-cut,,300,350,Average,Average,2
Mr. Gogo Puzzles Alphonse Mucha The Precious Stones ,Other-Hand-cut,,726,,A-Easy,Average,1
Mr. Gogo Puzzles Alphonse Mucha Times of the Day ,Other-Hand-cut,,750,,Hard,Average,1
Nautilus Puzzles Chholing Taha Blessing of the Polar Bears ,Nautilus,,475,,A-Easy,Average,1
Nautilus Puzzles Claude Monet Waterlilies Nautilus Puzzles Claude Monet Springtime,Nautilus,,237,243,Average,Average,2
Nautilus Puzzles Gustav Klimt The Kiss ,Nautilus,,371,,Average,Average,1
Nautilus Puzzles Hello Angel Up ,Nautilus,,450,,Average,Average,1
Nautilus Puzzles Henri Rousseau The Dream ,Nautilus,,693,,Hard,Average,1
Nautilus Puzzles Liberty Eugene Delacroix Liberty Leading the People ,Liberty,Nautilus,466,,Hard,Average,1
Nautilus Puzzles Oxana Zaika Midnight Falcon  ,Nautilus,,373,,Hard,Average,1
Nautilus Puzzles Oxana Zaika Summer Cat ,Nautilus,,533,,Hard,Average,1
Nautilus Puzzles Paul Klee Fish Magic ,Nautilus,,450,,Really-Hard,Average,1
Nautilus Puzzles Van Gogh Trip to Auvers Nautilus Puzzles William Herbert Dunton The Trail Foreman,Nautilus,,302,181,Average,Average,2
Nautilus Puzzles Zodiac Rainbow ,Nautilus,,500,,Average,Average,1
Nautilus Vincent Van Gogh Rowing Boats on the Bank of the Oise ,Nautilus,,434,,Average,Average,1
Nervous System Rainbow Puzzle Nervous System Earth Puzzle,Other-Laser-cut,,380,441,A-Easy,Really-Hard,2
Nervous Systems Puzzles Agate Puzzle Number 133 Unidragon Puzzles Emanating Raccoon,Other-Laser-cut,,171,315,Average,Average,2
Stumpcraft Julien Deval Malediction ,Other-Laser-cut,,472,,Hard,Average,1
Stumpcraft Mandy Budan Falling ,Other-Laser-cut,,460,,Average,Average,1
Stumpcraft Melissa McKinnon Bursting Blooms Whimsy Puzzles Bouquet of Flowers,Other-Laser-cut,,345,350,Hard,Hard,2
Stumpcraft Puzzles Tom Thomson Soft Maple in Autumn ,Other-Laser-cut,,408,,Hard,Average,1
"Victory Puzzles Gay Harbour, Cornwall (Vintage 1950s) Silverton Puzzle Company Garden Scene in Brittany",Other-Hand-cut,,350,300,Average,Average,2
Wentworth Puzzles Clair Rossiter Spring Market ,Wentworth,,1000,,A-Easy,Average,1
Wentworth Puzzles Claire Comerford Spring Garden Wentworth Puzzles Clair Rossiter Spring Market,Wentworth,,500,500,A-Easy,A-Easy,2
Wentworth Puzzles Elena Kotliarker Hannukah in the Magic Garden Wentworth Puzzles Colin Thompson Bookshelf,Wentworth,,250,500,Hard,A-Easy,2
Wentworth Puzzles Filippo Cardu Blooming Wolf Wentworth Puzzles Hello Angel Scaling New Heights,Wentworth,,185,250,Average,A-Easy,2
Wentworth Puzzles Garry Walton Greatest Bookshop in the World ,Wentworth,,1000,,Average,Average,1
Wentworth Puzzles Holbein The Ambassadors Wentworth Puzzles Antwerpen-Centraal Railway Station Belgium,Wentworth,,230,250,A-Easy,A-Easy,2
Wentworth Puzzles Jan Patrik Krasny Leopard in Jungle Wentworth Puzzles Rosiland Solomon Peacock of India,Wentworth,,250,250,Average,Average,2
Wentworth Puzzles Joy Laforme Park Avenue Wentworth Puzzles Spring Sakura,Wentworth,,500,500,A-Easy,A-Easy,2
Wentworth Puzzles Kilimanjaro Morning Wentworth Puzzles Paul Gauguin Arearea,Wentworth,,250,250,Average,Average,2
Wentworth Puzzles Macneil Studio Amsterdam Wentworth Puzzles Assaf Frank Summer at the Pub,Wentworth,,250,500,A-Easy,A-Easy,2
Wentworth Puzzles Monet Le Pont Japonais ,Wentworth,,1000,,Hard,Average,1
Wentworth Puzzles Nanook of the North Wentworth Puzzles Penguin Huddle,Wentworth,,250,250,Average,Average,2
Wentworth Puzzles Ocean Wentworth Puzzles World Wonders,Wentworth,,250,250,Average,Average,2
Wentworth Puzzles Rebecca McCulloch Harbour Houses ,Wentworth,,1000,,A-Easy,Average,1
Wentworth Puzzles Royce McClure Sky Roads DaVici Puzzles Sergey Adeev Flying Frigate,DaVici,Wentworth,500,130,A-Easy,A-Easy,2
Wentworth Puzzles Spring Flowers and Poole Pottery ,Wentworth,,1000,,Average,Average,1
Wentworth Puzzles Van Gogh Almond Blossom Wentworth Puzzles Zebo Ludvicek Birdcages,Wentworth,,500,500,Hard,A-Easy,2
Wentworth Puzzles Wallace and Gromit Christmas Cake Wentworth Puzzles Wallace and Gromit Christmas,Wentworth,,500,500,Average,Average,2
Wentworth Puzzles Westminster at Christmas ,Wentworth,,1000,,Average,Average,1
Whimsy Puzzles Christy Moeller Cat Girl Hartmaze Puzzles Owl ,Other-Laser-cut,,450,209,Average,Average,2
Zen Puzzles Found Love Crow Prints Puzzles Portobello Road,Other-Hand-cut,Other-Laser-cut,298,288,Average,A-Easy,2
Ecru Puzzles Richard Friend A Favorite Place Ecru Puzzles Tomasz Pietrzyk Family House,Ecru,,141,185,A-Easy,A-Easy,2
Liberty Puzzles Haeckel Hummingbirds Nautilus Puzzles Mother Adams,Liberty,Nautilus,485,222,Average,Average,2
Artifact Puzzles - William Glackens Cape Cod Pier Artifact Puzzles Julius LeBlanc Stewart Yachting,Artifact,,139,319,Average,Hard,2
Artifact Puzzles - Michelle Morin Hummingbirds Artifact Puzzles Joseph Henry Sharp Medicine Teepee,Artifact,,287,105,Really-Hard,A-Easy,2
Artifact Puzzles APAK Celebrating Nature Artifact Puzzles Justin Hillgrove Creature Ladder,Artifact,,412,187,Hard,A-Easy,2
Artifact Puzzles APAK Islands Of Life Artifact Puzzles Tyukanov Uprising of the Sausages,Artifact,,165,360,A-Easy,Hard,2
Artifact Puzzles Bruce Riley Stem Cell Artifact Puzzles APAK Islands Of Life,Artifact,,191,165,Average,A-Easy,2
Artifact Puzzles Bruegel Netherlandish Proverbs Artifact Puzzles Edward Hopper Soir Bleu,Artifact,,317,168,Hard,Average,2
Artifact Puzzles Bruegel Netherlandish Proverbs Artifact Puzzles Jeyselle Solentiname,Artifact,,317,319,Hard,Really-Hard,2
Artifact Puzzles Gore Icknield Way Artifact Puzzles Kevin Sloan The Gift Arrives,Artifact,,317,344,Average,A-Easy,2
Artifact Puzzles Iwona Lifsches Santa Claus Delivery Wentworth Puzzles Do not Disturb ,Artifact,Wentworth,158,250,A-Easy,Hard,2
Artifact Puzzles Paul Ranson Flowers Double Sided Artifact Puzzles Rachel Pedder Smith Herbarium,Artifact,,185, 79,Hard,Hard,2
Artifact Puzzles Randal Spangler Computer Catastrophes Artifact Puzzles Bruce Riley Stem Cell,Artifact,,182,191,A-Easy,Hard,2
Artifact Puzzles Severin Roesen Flower Still Life Artifact Puzzles Haeckel Hummingbirds,Artifact,,330,262,Average,A-Easy,2
Artifact Puzzles Tom Kidd Dunne Estates Artifact Puzzles Old Venice Map,Artifact,,423,91,Average,Hard,2
Artifact Puzzles Tyson Grumm Slacking Pandas Artifact Puzzles Utagawa Kuniyoshi Cats,Artifact,,224,258,A-Easy,Hard,2
Artifact Puzzles Tyson Grumm The Sleepover Artifact Puzzles Paul Bond The Yogi,Artifact,,405,310,A-Easy,A-Easy,2
Artifact Puzzles Tyukanov Uprising of the Sausages Artifact Puzzles Karla Gerard Lively Landscape,Artifact,,360,221,Hard,Average,2
Artifact Puzzles Van Gogh De Sterrennacht  Artifact Puzzles Kathryn Freeman The Sunday Paper Wooden,Artifact,,336,177,Hard,Average,2
Artifact Puzzles Van Gogh Sea at Saintes-Maries Artifact Puzzles Simon de Myle Noahs Ark,Artifact,,211,100,Hard,Hard,2
Artifact Puzzles Van Os Flowers Ecru Puzzles Erin Hanson Hues of Zion,Artifact,Ecru,126,219,Hard,Hard,2
Ecru Puzzles Patricia Hopwood Wade Snowbirds Artifact Puzzles Kevin Sloan Naughty Bird,Artifact,Ecru,209,270,Hard,Average,2
Ecru Roch Urbaniak Bosfor Artifact Puzzles Seurat Eiffel Tower,Artifact,Ecru,214,135,Hard,Average,2
Nautilus Puzzles  Prague Clock ,Nautilus,,500,,Average,Average,1
Nautilus Puzzles Stan The Man ,Nautilus,,250,,A-Easy,Average,1
Puzzlewood Handmade Puzzles Map of Europe Zen Puzzles Lion,Other-Hand-cut,Other-Laser-cut,167,159,A-Easy,Average,2
Wemtworth Puzzles Neuschwanstein Castle Wentworth Puzzles London The Thames,Wentworth,,250,250,Average,Average,2
Wentworth Puzzles Egg-stremely Difficult Wentworth Puzzles Penguin Pandemonium,Wentworth,,287,231,Average,Average,2
Wentworth Puzzles Green Fingers ,Wentworth,,750,,Average,Average,1
Wentworth Puzzles Three Wise Men Whimsy Puzzles Second Date,Wentworth,Other-Laser-cut,250,350,Average,Average,2
Artifact Puzzles Angie Rees Happy Harbor Ecru Puzzles Iwona Lifsches Weekend in Sommersby,Artifact,Ecru,281,355,A-Easy,A-Easy,2
Artifact Puzzles Allie Sullberg Lets Dance Artifact Puzzles Kevin Sloan Welcome to the Wilderness,Artifact,,367,418,A-Easy,Average,2
Artifact Puzzles Alceste Campriani Pappagalli Artifact Puzzles Autumn Egrets,Artifact,,201,130,Average,Average,2
Artifact Puzzles Angie Rees The Skating Party Artifact Puzzle Tom Kidd Dunne Estates,Artifact,,502,423,Average,A-Easy,2
Artifact Puzzles Charles Courtney Curran Lotus Lilies Artifact Puzzles - Jim Flora Big Bank Robbery,Artifact,,329,302,Average,A-Easy,2
Artifact Puzzles Edward Hopper Chop Suey Artifact Puzzles Edward Hopper Nighthawks ,Artifact,,346,374,A-Easy,A-Easy,2
Artifact Puzzles Edward Hopper Chop Suey Ecru Puzzles Nico Klopp Martigues,Artifact,Ecru,300,300,A-Easy,Hard,2
Artifact Puzzles Geoffrey Gersten Poker Tree Artifact Puzzles Rekunenko Charming Village,Artifact,,288,282,A-Easy,A-Easy,2
Artifact Puzzles Jim Flora Chioggia Ecru Puzzles Scott Gustafson Belling The Cat,Artifact,Ecru,359,364,A-Easy,Hard,2
Artifact Puzzles Karla Gerard By The Sea Ecru Puzzles Grant Haffner Sunset on Old Montauk Highway,Artifact,Ecru,356,282,A-Easy,A-Easy,2
Artifact Puzzles Kristian Adam Jacuzzi Boyz Ecru Puzzles Kristian Adam Pizza Boyz,Artifact,Ecru,283,387,A-Easy,A-Easy,2
Artifact Puzzles Patricio Betteo Outsider Insider Artifact Puzzles Karla Gerard Night Song,Artifact,,409,321,Average,A-Easy,2
Artifact Puzzles Seurat Grande Jatte Artifact Puzzles Joe Vaux Fishing Village,Artifact,,428,254,Average,A-Easy,2
Artifact Puzzles Tomasz Pietrzyk Romeo and Juliet Artifact Puzzles Kevin Sloan Our Gentle Giant,Artifact,,424,326,Average,Hard,2
Ecru Puzzles - Tomasz Pietrzyk Family House Ecru Puzzles Allen Gilbert Cram Fishermans Cottages,Ecru,,185,158,A-Easy,Average,2
Ecru Puzzles Allen Gilbert Cram Fishermans Cottages Artifact Puzzles Tom Kidd Dunne Estates,Artifact,Ecru,158,423,Average,Average,2
Ecru Puzzles Erin Hanson Cypress Lights Ecru Puzzles Richard Friend Limberlost,Ecru,,398,355,Hard,Average,2
Ecru Puzzles Grant Haffner Sunset on Old Montauk Highway Ecru Puzzles - Richard Friend A Favorite Place,Ecru,,282,142,A-Easy,A-Easy,2
Ecru Puzzles Iris Scott The Discussion Ecru Puzzles Nico Klopp Martigues,Ecru,,197,302,Average,Hard,2
Ecru Puzzles Kawase Hasui Fall Ecru Puzzles Hokusai Wave,Ecru,,135, 327,A-Easy,Average,2
Ecru Puzzles Kristian Adam Pizza Boyz Ecru Puzzles Richard Friend Limberlost Woods,Ecru,,387,355,A-Easy,A-Easy,2
Ecru Puzzles Mystery Puzzle #15 Ecru Puzzles Mystery Puzzle #16,Ecru,,357,331,Average,Hard,2
Liberty Puzzles World Map ,Liberty,,1017,,Hard,Hard,1
Matt Lyon Monastery Jim Flora Big Bank Robbery,Artifact,,460,302,Average,Hard,2
Nautilus Puzzles Arnold Bocklin Isle Of The Dead ,Nautilus,,510,,Hard,Average,1
Nautilus Puzzles James Sommerville Ocean Life ,Nautilus,,475,,Average,Average,1
Nautilus Puzzles Mandala Stones ,Nautilus,,432,,Hard,Average,1
Nautilus Puzzles Marin Headlands ,Nautilus,,475,,Average,Average,1
Nautilus Puzzles Once Upon a Fairytale ,Nautilus,,428,,A-Easy,Average,1
Nautilus Puzzles Steve Skelton Space Colony ,Nautilus,,522,,Average,Average,1
Nautilus Puzzles The Baja Trail ,Nautilus,,500,,Average,Average,1
Stumpcraft Puzzles Monique Munoz We Are The Lotus Kids ,Other-Laser-cut,,888,,Hard,Average,1
Liberty Puzzles Gustav Klimt Garden Path With Chickens Liberty Puzzles Van Gogh Starry Night,Liberty,,495,465,Hard,Hard,2
DaVici Josephine Wall Winter Dreaming ,DaVici,,400,,Average,Average,1
Thom Spencer Four Palettes Artifact Puzzles Simon De Myle Noah Ark,Artifact,Other-Hand-cut,101,100,Hard,Hard,2
DaVici Puzzles Dmitry Alekseev Biscuit Mountain DaVici Puzzles Sergey Adeev Flying Frigate,DaVici,,170,130,A-Easy,A-Easy,2
DaVici Puzzles Nadezhda Strelkina Peace On Earth ,DaVici,,695,,Average,Average,1
DaVici Puzzles Russian Circus Artifact Puzzles Vikram Madan Night Of The Mystic Moons,Artifact,DaVici,330,338,A-Easy,A-Easy,2
DaVici Puzzles Russian Tryptych ,DaVici,,1000,,Hard,Average,1
DaVici Yana Fefelova Christmas Angel DaVici Josephine Wall Winter Dreaming,DaVici,,250,400,A-Easy,Average,2
Ecru Puzzles Mystery Puzzle #21 Artifact Puzzles Allen Douglas The Kraken,Artifact,Ecru,181,219,Average,Hard,2
Mr. Gogo Puzzles Alphonse Mucha Beechers ,Other-Hand-cut,,750,,A-Easy,Average,1
Mr. Gogo Puzzles Alphonse Mucha Job Cigarettes ,Other-Hand-cut,,400,,Hard,Average,1
Mr. Gogo Puzzles Alphonse Mucha Reverie  ,Other-Hand-cut,,400,,Average,Average,1
Mr. Gogo Puzzles Hypnosis ,Other-Hand-cut,,472,,Really-Hard,Average,1
Mr. Gogo Puzzles Just A Challenge Mr. Gogo Puzzles Lucky Flower ,Other-Hand-cut,,264,269,Hard,Average,2
Puzzlewood Puzzles Mangula Flock Of Birds ,Other-Hand-cut,,376,,Really-Hard,Average,1
Snowflake Puzzles Portrait of an Elizabethan Woman ,Other-Hand-cut,,451,,Hard,Average,1
Stumpcraft Kim Smith Happy Holidays ,Other-Laser-cut,,360,,Average,Average,1
Thom Spencer Knobbed Polygons Artifact Puzzles Geoffrey Gersten In Dreams,Artifact,Other-Hand-cut,44,116,Average,Hard,2
Artifact Puzzles Viktor Molev The Aviator Artifact Puzzles Eric Joyner Tiki Misadventure,Artifact,,383,540,Average,A-Easy,2
Artifact Puzzles Isabelle Plante La Connaissance Artifact Puzzles Jonik Wizards Workshop,Artifact,,379,358,A-Easy,A-Easy,2
Artifact Puzzles Vikram Madan Social Distancing Ecru Puzzles Kristian Adam Galapalooga Bay,Artifact,Ecru,228,291,Average,Average,2
Artifact Puzzles Justin Hillgrove Word Travels South Artifact Puzzles Justin Hillgrove Word Travels West,Artifact,,456,548,A-Easy,Average,2
Artifact Puzzles Albert Bierstadt Valley Of The Yosemite Ecru Puzzles Erin Hanson Hues Of Zion,Artifact,Ecru,494,219,Hard,Hard,2
Artifact Puzzles Kevin Sloan Migration Of Knowledge Artifact Puzzles Paul Bond The Yogi,Artifact,,513,310,A-Easy,A-Easy,2
Artifact Puzzles Joe Vaux Garden Of Earthly Delights ,Artifact,,619,,Average,Average,1
Artifact Puzzles Jethro Buck Reading On The Carpet Of Paradise ,Artifact,,378,,Hard,Average,1
Artifact Puzzles Rachell Sumpter Chinatown Quadtych ,Artifact,,1121,,Hard,Average,1
Artifact Puzzles Daniel Merriam On The Go (Discontinued Limited Edition) Artifact Puzzles Kevin Sloan The Gift Arrives,Artifact,,295,344,A-Easy,A-Easy,2
Artifact Puzzles Daniel Merriam Tailspin (Discontinued Limited Edition) Artifact Puzzles Tom Kid McCay City (Discontinued),Artifact,,303,415,Hard,Hard,2
Artifact Puzzles Daniel Merriam Tailspin (Discontinued Limited Edition) Ecru Puzzles Aaron Wolf The Kingdom,Artifact,Ecru,303,214,Average,Hard,2
Artifact Puzzles Joe Vaux Season Of The Rabbit Artifact Puzzles Justin Hillgrove Mad Tea Party,Artifact,,300,206,A-Easy,A-Easy,2
Artifact Puzzles Daniel Merriam Man In The Moon Ecru Puzzles Nicole Gustafson The Bookkeeper,Artifact,Ecru,357,372,Average,Average,2
Artifact Puzzles Kathryn Freeman Lullaby For Lions Artifact Puzzles Jill Bennet Fantastic Mr. Fox,Artifact,,363,267,A-Easy,A-Easy,2
Artifact Puzzles Edward Hopper Nighthawks  Artifact Puzzles Richard Friend The Just Reproach,Artifact,,374,396,Average,Average,2
Artifact Puzzles Paul Bond Ode To A Zen Koan Artifact Puzzles John Henry Dearle Forest Tapestry,Artifact,,267,577,Average,Really-Hard,2
Artifact Puzzles Iwona Lifsches Serenity Artifact Puzzles Tomasz Pietrzyk The Town,Artifact,,313,390,Average,Average,2
Artifact Puzzles APAK Celebrating Nature Artifact Puzzles Angie Rees Precious Cargo,Artifact,,412,399,Hard,Average,2
Artifact Puzzles Haeckel Sea Squirts Artifact Puzzles Joe Vaux Fishing Village,Artifact,,301,254,A-Easy,Hard,2
Mr. Gogo Puzzles Alfonse Mucha Zodiac MrZs Puzzles Sugar Maples,Other-Hand-cut,,464,205,Average,Hard,2
Ecru Puzzles Mystery Puzzle #19 Ecru Puzzles Mystery Puzzle #14,Ecru,,355,398,Average,Hard,2
Ecru Puzzles Angela Gomes Monets Garden Ecru Puzzles Iwona Lifsches Weekend In Sommersby,Ecru,,214,355,Average,A-Easy,2
Artifact Puzzles Van Gogh Bridge In The Rain Artifact Puzzles Brueghel Music Room,Artifact,,267,287,A-Easy,Average,2
Artifact Puzzles Justin Hillgrove Word Travels West Ecru Puzzles Grant Haffner Sunset On Old Montauk Highway,Artifact,Ecru,548,282,Average,Average,2
Artifact Puzzles Tyukanov Flying Bottle Artifact Puzzles Tom Kidd Dunne Estates,Artifact,,300,423,Average,Average,2
Artifact Puzzles Karla Gerard By The Sea Artifact Puzzles Kevin Sloan Welcome To The Wilderness,Artifact,,356,418,A-Easy,Average,2
Artifact Puzzles Vikram Madan Night Of The Mystic Moons Artifact Puzzles Vikram Madan Forecast Says Rain,Artifact,,338,370,A-Easy,Hard,2
Artifact Puzzles - Bruce Riley Half Life Artifact Puzzles - Bruce Riley Stem Cell,Artifact,,336,191,Average,A-Easy,2
Ecru Puzzles Jethro Buck Forest Ecru Puzzles Auguste Herbin Quai Du Port De Bastia,Ecru,,285,318,Average,Average,2
Artifact Puzzles Kevin Sloan The Messenger Artifact Puzzles Tomasz Pietrzyk Circle Of Time,Artifact,,313,220,Average,Average,2
Ecru Puzzles Aaron Wolf The Kingdom Artifact Puzzles Joe Vaux Big Fish Eat Little Fish,Artifact,Ecru,214,402,Hard,A-Easy,2
Ecru Puzzles Franz Marc Cat Ecru Puzzles Patricia Hopwood-Wade Snowbirds,Ecru,,138,209,Really-Hard,Hard,2
Artifact Puzzles Richard Friend The Just Reproach Artifact Puzzles Jim Flora Tenement K,Artifact,,396,436,Average,Average,2
Artifact Puzzles Rachell Sumpter Islander Artifact Puzzles Paul Bond Octopus,Artifact,,262,140,A-Easy,A-Easy,2
Mr. Gogo Puzzles Watermelon TurtleTeasers Melissa Lipton Colorado Aspens,Other-Hand-cut,,443,157,Really-Hard,Hard,2
Snowflake Puzzles Magnificent Wave Snowflake Puzzles Autumn Forest,Other-Hand-cut,,350,350,Average,Average,2
BCB Puzzles Henry Victor Lesur Marchands Des Fleurs Black Bear Puzzles In Search Of Sea,Other-Hand-cut,,300,350,Average,A-Easy,2
Artifact Puzzles Susan Loy Bill Of Rights Artifact Puzzles Susan Loy Marriage Of Two Minds,Artifact,,303,255,Hard,Hard,2
Artifact Puzzles Poynter Israel In Egypt Artifact Puzzles Bruegel Tower of Babel,Artifact,,310,377,Average,Hard,2
Artifact Puzzles Kandinsky Far Away Artifact Puzzles Tyson Grumm Slacking Pandas,Artifact,,232,224,A-Easy,A-Easy,2
Artifact Puzzles Tomasz Pietrzyk Romeo And Juliet Artifact Puzzles Victor Molev The Aviator,Artifact,,424,383,Average,Average,2
Artifact Puzzles APAK Harmonious Kingdom Artifact Puzzles Martin Heade Two Hummingbirds At Nest,Artifact,,434,289,A-Easy,Average,2
Artifact Puzzles Arreguin Jaguars ,Artifact,,505,,Hard,Average,1
Artifact Puzzles Edward Henry Potthast Brighton Beach Artifact Puzzles Van Gogh Boats,Artifact,,170,325,Average,Average,2
Artifact Puzzles Valeriane Le Blonde Mis Mai Artifact Puzzles Edward Henry Potthast Brighton Beach,Artifact,,238,170,A-Easy,Hard,2
Artifact Puzzles Renoir Oarsmen Artifact Puzzles Van Gogh Bedroom In Arles,Artifact,,297,347,Hard,Average,2
Artifact Puzzles Diego Mazzeo Mechanical Griffin Artifact Puzzles Galaxy Trucker,Artifact,,207,198,A-Easy,A-Easy,2
Artifact Puzzles Big San Francisco Literary Map Artifact Puzzles Roedig Flowers,Artifact,,367,293,A-Easy,A-Easy,2
Artifact Puzzles William Gropper Folklore Map Artifact Puzzles Kirby Scudder Palo Alto Map,Artifact,,348,418,Average,Average,2
Artifact Puzzles Karla Gerard Evening Stars Artifact Puzzles Susan Loy Bill Of Rights,Artifact,,644,303,A-Easy,Average,2
Artifact Puzzles Qiu Ying Han Palace Artifact Puzzles Guiseppe Arcimboldo Vertumnus,Artifact,,423,314,Hard,Average,2
Artifact Puzzles Daniel Merriam Flight of Scarlet Artifact Puzzles Tomasz Pietrzyk Red Towers,Artifact,,364,248,Really-Hard,Hard,2
Artifact Puzzles Claire Henley Sailing Round The Mount Artifact Puzzles Angie Rees When Whales Set Sail,Artifact,,256,278,A-Easy,A-Easy,2
Artifact Puzzles Jonik Rapunzel Artifact Puzzles Jonik Troll Toll,Artifact,,411,365,A-Easy,A-Easy,2
Artifact Puzzles Isabelle Plante La Connaissance Artifact Puzzles Justin Hillgrove Word Travels West,Artifact,,379,548,Average,Average,2
Artifact Puzzles Renoir Dance At Le Moulin De La Galette Artifact Puzzles Monet Woman With Parasol,Artifact,,347,357,Average,Average,2
Artifact Puzzles Gustav Klimt The Kiss  Artifact Puzzles Tyson Grumm The Sleepover,Artifact,,338,405,Average,Average,2
Artifact Puzzles Paul Bond The Yogi Artifact Puzzles Rachell Sumpter Islander,Artifact,,310,262,Hard,Hard,2
Ecru Puzzles Nicole Gustafsson The Bookkeeper Artifact Puzzles Kevin Sloan Fragile Habitat,Artifact,Ecru,372,360,Hard,Average,2
Artifact Puzzles Hopwood-Wade Emu Afternoon Tea Artifact Puzzles Tomasz Pietrzyk Romeo And Juliet,Artifact,,346,424,Average,Average,2
Ecru Puzzles Erin Hanson Layers Of Afternoon Ecru Puzzles Erin Hanson Hues Of Zion,Ecru,,287,219,A-Easy,Average,2
Artifact Puzzles Angie Rees The Skating Party Artifact Puzzles Vikram Madan North Star,Artifact,,505,480,Average,Average,2
Artifact Puzzles Paul Klee Fish Magic Artifact Puzzles Vikram Madan Physical Impossibility,Artifact,,254,292,Hard,A-Easy,2
Artifact Puzzles Gustav Klimt Death And Life Artifact Puzzles Breach Of Contract,Artifact,,361,268,Hard,A-Easy,2
Artifact Puzzles Tyson Grumm The Sleepover Artifact Puzzles Audubun Carolina Parakeets,Artifact,,405,422,Average,Hard,2
Artifact Puzzles Angie Rees The Carrot Artifact Puzzles Kozyndan Bunny Blossoms,Artifact,,304,380,A-Easy,Average,2
Artifact Puzzles Monet Summer Artifact Puzzles Van Gogh De Sterrennacht,Artifact,,311,336,Average,Average,2
Artifact Puzzles Bokuyo Forest  ,Artifact,,689,,Really-Hard,Average,1
Artifact Puzzles Some Enchanted Evening Artifact Puzzles Randal Spangler Fireside Fairytales,Artifact,,422,364,Average,Average,2
Artifact Puzzles Rachell Sumpter Old Friend Artifact Puzzles Ito Jakuchu Plum Blossoms,Artifact,,290,311,Hard,Really-Hard,2
Artifact Puzzles Erin Hanson Crystal Grove Artifact Puzzles Matt Lyon Monastery,Artifact,,357,460,Really-Hard,Hard,2
Artifact Puzzles Gerome Carpet Merchant Artifact Puzzles Brueghel Noahs Ark,Artifact,,400,311,Average,A-Easy,2
Artifact Puzzles Tomasz Pietrzyk Tall Tower Artifact Puzzles Justin Hillgrove Imps And Monsters,Artifact,,629,442,A-Easy,A-Easy,2
Artifact Puzzles Rachell Sumpter Islander Artifact Puzzles Roch Urbaniak Sage Of Yamatai,Artifact,,262,346,Average,Hard,2
Artifact Puzzles Bek Cruddace British Isles Map Artifact Puzzles Jim Flora Chioggia,Artifact,,493,359,A-Easy,A-Easy,2
Artifact Puzzles Kevin Sloan Our Gentle Giant Artifact Puzzles APAK Islands Of Life,Artifact,,326,165,Hard,Hard,2
Ecru Puzzles Edward Binkley Village Scene Ecru Puzzles Scott Gustafson Belling The Cat,Ecru,,309,364,Average,Average,2
Artifact Puzzles Bill Carman Golden Whistle Artifact Puzzles Jim Flora Big Bank Robbery,Artifact,,318,302,Hard,Hard,2
Ecru Puzzles Hokusai Wave Ecru Puzzles Rachell Sumpter Wild Moor,Ecru,,327,260,Hard,A-Easy,2
CobbPodgery WPA Poster Let Them Grow DaVici My Child,DaVici,Other-Hand-cut,430,300,Average,Average,2
Artifact Puzzles Eric Joyner Comrades Artifact Puzzles Joe Vaux Message In A Bottle,Artifact,,180,296,A-Easy,Average,2
Artifact Puzzles Aaron Wolf Cathedral Of The Changing Tides Ecru Puzzles Erin Hanson Layers Of Afternoon,Artifact,Ecru,360,287,Hard,Average,2
Artifact Puzzles Jonik Troll Toll Artifact Puzzles Eric Joyner Tiki Misadventure,Artifact,,365,540,A-Easy,A-Easy,2
Artifact Puzzles Sophie Taeuber-Arp Composition Artifact Puzzles August Macke Turkish Cafe,Artifact,,302,478,Hard,Average,2
Artifact Puzzles Justin Hillgrove Overwhelming Odds Artifact Puzzles Angie Rees Boobie Trapped,Artifact,,257,340,A-Easy,A-Easy,2
Ecru Puzzles Maurice Denis Pittsburgh Sunset Ecru Puzzles Nicole Gustafsson The Bookkeeper,Ecru,,290,372,Hard,Hard,2
Artifact Puzzles Hieronymus Bosch Garden Of Earthly Delights ,Artifact,,529,,Average,Average,1
Artifact Puzzles Allie Sullberg Lets Dance Ecru Puzzles Mystery Puzzle #21,Artifact,Ecru,367,181,Average,Average,2
Artifact Puzzles Armand Point Unicorn Artifact Puzzles Sleeping Princess,Artifact,,111,137,A-Easy,A-Easy,2
Artifact Puzzles Bikaner Elephants Artifact Puzzles Raoul Dufy Boats,Artifact,,170,136,A-Easy,A-Easy,2
Artifact Puzzles Carl Larsson Holiday Reading Artifact Puzzles Dove Of The Holy Spirit,Artifact,,163,88,Average,Hard,2
Artifact Puzzles Egon Schiele Four Trees Artifact Puzzles Autumn Egrets,Artifact,,79,130,Hard,Average,2
Artifact Puzzles Eric Joyner Recaptcha Artifact Puzzles Nicoletta Ceccoli Love Will Tear Us Apart,Artifact,,150,181,A-Easy,A-Easy,2
Artifact Puzzles Hokusai Dragon Artifact Puzzles Franz Marc 1912 Blue Horse,Artifact,,81,96,Really-Hard,Average,2
Artifact Puzzles Kawase Hasui Fall Artifact Puzzles Justin Hillgrove Arcane Shelfie,Artifact,,135,121,Average,A-Easy,2
Artifact Puzzles Kiyochika Persimmon Tree Artifact Puzzles Iwona Lifsches Afternoon Ride,Artifact,,81,121,A-Easy,A-Easy,2
Artifact Puzzles Leighton Accolade Artifact Puzzles Birds at Baran,Artifact,,85,91,Average,Hard,2
Artifact Puzzles Little Seamaid Artifact Puzzles Indian Palace,Artifact,,74,171,Average,Average,2
Artifact Puzzles Rachel Pedder-Smith Herbarium Artifact Puzzles Kessel Butterflies,Artifact,,79,161,Really-Hard,Really-Hard,2
Artifact Puzzles Randal Spangler Computer Catastrophes Artifact Puzzles Annya Kai Fabric Owls,Artifact,,182,156,A-Easy,A-Easy,2
Artifact Puzzles Richard La Barre Goodwin Strawberries Artifact Puzzles Karla Gerard Dusk,Artifact,,157,147,Average,A-Easy,2
Artifact Puzzles Tomasz Pietrzyk Cello Artifact Puzzles William Glackens Cape Cod Pier,Artifact,,165,139,A-Easy,Hard,2
Artifact Puzzles Varangian Artifact Puzzles Tyukanov Cheshire Cat,Artifact,,72,162,A-Easy,Average,2
Ecru Puzzles Awa Tsireh Animal Designs Ecru Puzzles Kawase Hasui Shiba Benten Pond,Ecru,,105,89,Really-Hard,Average,2
Ecru Puzzles Winslow Homer Watching The Tide Ecru Puzzles Rachell Sumpter Brothers In Sport,Ecru,,166,179,Average,Hard,2
Ecru Puzzles Rogier Van Der Weyden Saint George And The Dragon Ecru Puzzles Allen Gilbert Cram Fishermans Cottages,Ecru,,168,158,Average,A-Easy,2
Ecru Puzzles Kawase Hasui Fall Artifact Puzzles Rachell Sumpter Old Friend,Artifact,Ecru,135,290,Average,Really-Hard,2
Artifact Puzzles Victor Molev Tale Of The Lost Space Ecru Puzzles Aaron Wolf The Kingdom,Artifact,Ecru,303,214,Really-Hard,A-Easy,2
Ecru Puzzles Ragamala Mughal Miniature Ecru Puzzles Mystery Puzzle #11,Ecru,,80,145,A-Easy,Hard,2
DaVici Puzzles Anton Gorcevic I Had A Dream Once DaVici Puzzles Sergey Adeev Day and Night,DaVici,,350,280,A-Easy,A-Easy,2
Ecru Puzzles Ton Dubbeldam Grand Italia Artifact Puzzles Allie Sullberg Lets Dance,Artifact,Ecru,270,367,A-Easy,Hard,2
Artifact Puzzles Joe Vaux Big Fish Eat Little Fish Artifact Puzzles Victor Molev Tale Of The Lost Space,Artifact,,402,252,Hard,Really-Hard,2
Artifact Puzzles Vikram Madan Caf-Fiend Artifact Puzzles Hoefnagel Pear,Artifact,,81,106,A-Easy,A-Easy,2
Artifact Puzzles Justin Hillgrove Word Travels South Artifact Puzzles Kevin Sloan The Gift Arrives,Artifact,,456,344,A-Easy,A-Easy,2
Artifact Puzzles Vikram Madan Social Distancing Artifact Puzzles Tyson Grumm Slacking Pandas,Artifact,,228,224,Average,A-Easy,2
Artifact Puzzles Vikram Madan Birds Of A Feather Artifact Puzzles Hayley Lever Dancing Boats Marblehead,Artifact,,103,111,A-Easy,Hard,2
Artifact Puzzles Angie Rees Boobie Trapped Artifact Puzzles Jonik Rapunzel,Artifact,,340,411,Average,Average,2
Artifact Puzzles Tomasz Pietrzyk Tall Tower Artifact Puzzles Kevin Sloan Burden of Formality,Artifact,,629,432,Really-Hard,Hard,2
Artifact Puzzles Dennis Brady Cercles Et Des Carres Artifact Puzzles Gaugin La Orana Maria,Artifact,,65,268,A-Easy,Hard,2
Artifact Puzzles Kevin Sloan Migration Of Knowledge  Artifact Puzzles Gavin Watson Creature Comforts,Artifact,,513,322,A-Easy,A-Easy,2
Artifact Puzzles Eric Joyner Indecision Artifact Puzzles Alceste Campriani Pappagalli,Artifact,,166,201,Average,Average,2
Artifact Puzzles Tyukanov Uprising Of The Sausages Artifact Puzzles Munch The Scream,Artifact,,360,232,Average,Really-Hard,2
Artifact Puzzles Georgia OKeefe Reflections Ecru Puzzles Rachel Sumpter Brothers In Sport,Artifact,Ecru,205,179,Hard,Average,2
Artifact Puzzles Jonik Rapunzel Artifact Puzzles William Gropper Folklore Map,Artifact,,411,348,Average,Average,2
Artifact Puzzles Seurat Grande Jatte Artifact Puzzles Klimt The Kiss ,Artifact,,428,338,Really-Hard,Hard,2
Artifact Puzzles Haeckel Jellyfish Artifact Puzzles Matisse Flowers,Artifact,,198,166,A-Easy,A-Easy,2
Artifact Puzzles Tyukanov Flying Bottle Artifact Puzzles Tyukanov Moon,Artifact,,300,300,Average,Hard,2
Artifact Puzzles Joachim Patinir Crossing the River Styx Artifact Puzzles Ton Schulten Langs De Oever,Artifact,,168,134,Average,A-Easy,2
Ecru Puzzles Van Gogh Almond Blossoms Ecru Puzzles Van Hulsdonck Lemons,Ecru,,210,232,Hard,Hard,2
Artifact Puzzles Aaron Wolf Cathedral Of The Changing Tides Artifact Puzzles Jeyselle Solentiname Jungle,Artifact,,360,319,Hard,Hard,2
Artifact Puzzles Joe Vaux Feathered Friends Artifact Puzzles Nicoletta Ceccoli Its My Party,Artifact,,134,216,Average,A-Easy,2
Artifact Puzzles Dany Paragouteva Magic Carpet Artifact Puzzles Matte Stephens Central Park Fifth Avenue,Artifact,,305,439,Average,Hard,2
Artifact Puzzles Joe Vaux Grass Is Greener Artifact Puzzles Justin Hillgrove Mad Tea Party,Artifact,,154,206,A-Easy,A-Easy,2
Artifact Puzzles Karen Kunc Verse From Macrocosmica Artifact Puzzles Pablo Picasso The Stranded Fish,Artifact,,120,110,Hard,Average,2
Artifact Puzzles Kevin Sloan The Worrier Artifact Puzzles Martin Heade Two Hummingbirds At Nest,Artifact,,427,289,A-Easy,Hard,2
Artifact Puzzles Kessel Shells Artifact Puzzles Old Venice Map,Artifact,,54,91,Hard,Really-Hard,2
Artifact Puzzles Roch Urbaniak Sage Of Yamatai Artifact Puzzles Angie Rees Boobie Trapped,Artifact,,346,340,Average,A-Easy,2
Artifact Puzzles Nadiezda Nocturne Artifact Puzzles Vikram Madan Short-Lived Balloon,Artifact,,157,162,Average,Average,2
Artifact Puzzles Randal Spangler Some Enchanted Evening Artifact Puzzles Justin Hillgrove Imps And Monsters,Artifact,,422,442,Really-Hard,A-Easy,2
Ecru Puzzles Grant Haffner Sunset On Old Montauk Highway Ecru Puzzles Kristian Adam Galapalooga Bay,Ecru,,282,291,Average,A-Easy,2
Artifact Puzzles Roch Urbaniak Bosfor Artifact Puzzles Andre Derain Les Voiles Rouges,Artifact,,214,143,Really-Hard,Average,2
Ecru Puzzles William Penhallow Henderson Lucero Place Artifact Puzzles Georges Seurat Grand Jatte,Artifact,Ecru,385,482,Hard,Average,2
DaVici Puzzles Diana Zimens City Of Cats ,DaVici,,700,,Average,Average,1
"Nikolyaaa Red Boats Wheelgiant Balancing Boulder, Northern Territory, Australia",Other-Hand-cut,Other-Laser-cut,249,425,Average,Average,2
Artifact Puzzles Yuri Gorbachev Two Cats Artifact Puzzles Vladstudio Owl Internet Cafe,Artifact,,314,204,A-Easy,A-Easy,2
"Nautilus Puzzles Mother Earth Nautilus Puzzles Antelope Canyon, Arizona",Nautilus,,222,181,Average,Average,2
Artifact Puzzles Jethro Buck Wild Things ,Artifact,,539,,Hard,Average,1
Artifact Puzzles Nancy Bogni Olde Holland Artifact Puzzles Bruegel Netherlandish Proverbs,Artifact,,303,317,Hard,Hard,2
Artifact Puzzles Kevin Sloan Burden of Formality Artifact Puzzles Nadiezda Night Ship,Artifact,,432,283,A-Easy,Average,2
Ecru Puzzles Rachell Sumpter Wild Moor Artifact Puzzles Vikram Madan Night Of The Mystic Moons,Artifact,Ecru,260,338,Hard,Average,2
Artifact Puzzles Fra Angelico Adoration Of The Magi Artifact Puzzles Iwona Lifsches Merry Christmas,Artifact,,208,242,Average,A-Easy,2
Ecru Puzzles Layers Of Afternoon Ecru Puzzles William Penhallow Henderson Luceros Place,Ecru,,287,385,Average,A-Easy,2
Ecru Puzzles William Penhallow Henderson Lucero Place Artifact Puzzles Jonik Rapunzel ,Artifact,Ecru,385,411,A-Easy,A-Easy,2
Artifact Puzzles Fra Angelico Adoration Of The Magi Artifact Puzzles Eric Joyner Tiki Misadventure,Artifact,,208,540,Average,A-Easy,2
Artifact Puzzles Jan Brueghel The Younger Music Room Artifact Puzzles Isabelle Plante La Connaissance,Artifact,,287,379,Average,Average,2
Artifact Puzzles Outsider Insider Artifact Puzzles Sophie Taeuber-Arp Composition,Artifact,,409,302,Average,Average,2
Artifact Puzzles Galaxy Trucker Artifact Puzzles Paul Bond Octopus,Artifact,,198,140,Average,Average,2
Artifact Puzzles Utagawa Kuniyoshi Cats Artifact Puzzles Outsider Insider,Artifact,,258,409,Hard,Hard,2
Artifact Puzzles Van Gogh Boats Artifact Puzzles Rekunenko Charming Village,Artifact,,325,282,Hard,A-Easy,2
Artifact Puzzles Gore Icknield Way Artifact Puzzles Charles Courney Curran Lotus Lilies,Artifact,,317,329,A-Easy,Hard,2
Ecru Puzzles Monet Springtime Ecru Puzzles Jonik Sunny November,Ecru,,328,369,A-Easy,A-Easy,2
Artifact Puzzles Bruegel Fall of the Rebel Angels Artifact Puzzles Rosso Angelo,Artifact,,340,228,Average,Average,2
Ecru Puzzles Jonik Sunny November Artifact Puzzles Jan Brueghel The Younger Noah Ark,Artifact,Ecru,369,311,Average,Average,2
Artifact Puzzles Susan Loy Bill Of Rights Artifact Puzzles William Gropper Folklore Map,Artifact,,303,348,Really-Hard,Average,2
Artifact Puzzles Karla Gerard Night Song Artifact Puzzles Dan Dos Santos Stalking the Unicorn,Artifact,,321,303,A-Easy,A-Easy,2
Artifact Puzzles Peruvian Tapestry Artifact Puzzles Susan Loy Marriage Of Two Minds,Artifact,,268,255,Hard,Hard,2
Artifact Puzzles Waterhouse Lady of Shalott Artifact Puzzles Piero Di Cosimo Liberazione Di Andromeda,Artifact,,347,411,Hard,Hard,2
Artifact Puzzles Barnard Dragon Mountain Artifact Puzzles Angie Rees Happy Harbor,Artifact,,277,281,A-Easy,A-Easy,2
Artifact Puzzles Gavin Watson Creature Comforts Artifact Puzzles Kevin Sloan Fragile Habitat,Artifact,,322,360,A-Easy,A-Easy,2
Artifact Puzzles Kevin Sloan Our Gentle Giant Artifact Puzzles Kevin Sloan Consequences of Hypnosis,Artifact,,326,282,Hard,Hard,2
Artifact Puzzles Geoffrey Gersten Poker Tree Artifact Puzzles Kevin Sloan Naughty Bird,Artifact,,288,270,A-Easy,A-Easy,2
Artifact Puzzles Kirby Scudder Palo Alto Map Artifact Puzzles Iwona Lifsches Serenity,Artifact,,418,313,Hard,A-Easy,2
Artifact Puzzles Jonik Troll Toll Artifact Puzzles Angie Rees Happy Harbor,Artifact,,365,281,A-Easy,Average,2
Artifact Puzzles Susan Loy Bill Of Rights Artifact Puzzles Erin Hanson Crystal Grove,Artifact,,303,357,Hard,Really-Hard,2
Artifact Puzzles Roch Urbaniak Sage Of Yamatai Artifact Puzzles Severin Roesen Flower Still Life,Artifact,,346,330,Average,Average,2
Artifact Puzzles Great Robot Migration ,Artifact,,480,,Hard,Average,1
Artifact Puzzles Van Gogh Undergrowth With Two Figures Artifact Puzzles Allen Douglas The Kraken,Artifact,,446,219,Really-Hard,Really-Hard,2
Ecru Puzzles Mystery Puzzle #18 Ecru Puzzles Scott Gustafson Belling The Cat,Ecru,,262,364,Average,Average,2
Artifact Puzzles Van Gogh Sea At Saintes-Maries Artifact Puzzles Monet Summer,Artifact,,211,311,Hard,Hard,2
Artifact Puzzles Matte Stephens Central Park Fifth Avenue Artifact Puzzles APAK Celebrating Nature,Artifact,,439,412,Average,Hard,2
Artifact Puzzles Yuri Gorbachev Two Cats Artifact Puzzles Martin Heade Two Hummingbirds At Nest,Artifact,,314,289,A-Easy,Average,2
Artifact Puzzles Tyukanov Moon Artifact Puzzles Jim Flora Tenement K,Artifact,,300,436,Average,Hard,2
Artifact Puzzles Randal Spangler Fireside Fairytales Artifact Puzzles Diego Mazzeo Mechanical Griffin,Artifact,,364,207,A-Easy,Average,2
Smyth Puzzles Mola Madness TurtleTeasers Peacock Closeup,Other-Hand-cut,,442,170,Really-Hard,A-Easy,2
Artifact Puzzles Haeckel Hummingbirds Artifact Puzzles Guiseppe Arcimboldo Vertumnus,Artifact,,262,314,Average,Hard,2
Ecru Puzzles Allen Gilbert Cram Fishermans Cottage Artifact Puzzles Georgia Okeefe Reflections,Artifact,Ecru,158,205,Average,Hard,2
Artifact Puzzles Matt Lyon Monastery Artifact Puzzles Daniel Merriam Flight of Scarlet,Artifact,,460,364,Really-Hard,Really-Hard,2
